OA,Pop,UK,Mean_bornUK
E00025604,337,212,0.629080118694362
E00025605,244,158,0.6475409836065574
E00025607,306,218,0.7124183006535948
E00025608,416,252,0.6057692307692307
E00025611,494,319,0.64574898785425106
E00025612,389,169,0.43444730077120824
E00025613,224,118,0.5267857142857143
E00025614,282,151,0.5354609929078015
E00025615,367,197,0.5367847411444142
E00025616,174,105,0.603448275862069
E00025617,484,255,0.5268595041322314
E00025618,334,190,0.5688622754491018
E00025619,300,191,0.6366666666666667
E00025620,379,265,0.6992084432717678
E00025621,319,237,0.7429467084639498
E00025622,252,154,0.6111111111111112
E00025623,378,186,0.49206349206349204
E00025624,335,285,0.8507462686567164
E00025625,370,256,0.6918918918918919
E00025626,272,144,0.5294117647058824
E00025627,329,255,0.7750759878419453
E00025628,316,173,0.5474683544303798
E00025629,309,151,0.4886731391585761
E00025630,402,235,0.5845771144278606
E00025631,348,177,0.5086206896551724
E00025632,213,127,0.596244131455399
E00025633,529,309,0.5841209829867675
E00025634,293,187,0.6382252559726962
E00025635,248,151,0.6088709677419355
E00025636,588,339,0.576530612244898
E00025638,272,241,0.8860294117647058
E00025639,204,186,0.9117647058823529
E00025640,309,292,0.9449838187702265
E00025641,340,317,0.9323529411764706
E00025642,290,268,0.9241379310344827
E00025643,481,370,0.7692307692307693
E00025644,301,273,0.9069767441860465
E00025645,224,198,0.8839285714285714
E00025646,322,312,0.968944099378882
E00025647,369,326,0.8834688346883469
E00025648,433,353,0.815242494226328
E00025649,251,232,0.9243027888446215
E00025650,278,256,0.920863309352518
E00025651,324,297,0.9166666666666666
E00025652,329,291,0.8844984802431611
E00025653,303,277,0.9141914191419142
E00025654,279,246,0.8817204301075269
E00025655,343,320,0.9329446064139941
E00025656,228,192,0.8421052631578947
E00025657,199,180,0.9045226130653267
E00025658,338,307,0.908284023668639
E00025659,390,323,0.8282051282051283
E00025660,281,235,0.8362989323843416
E00025661,297,271,0.9124579124579124
E00025662,308,274,0.8896103896103896
E00025663,395,338,0.8556962025316456
E00025664,342,319,0.9327485380116959
E00025665,424,374,0.8820754716981132
E00025666,360,329,0.9138888888888889
E00025667,289,234,0.8096885813148789
E00025668,307,283,0.9218241042345277
E00025669,268,249,0.9291044776119403
E00025670,311,281,0.9035369774919614
E00025671,256,230,0.8984375
E00025672,305,275,0.9016393442622951
E00025673,329,270,0.8206686930091185
E00025674,291,268,0.9209621993127147
E00025675,262,240,0.916030534351145
E00025676,318,276,0.8679245283018868
E00025677,256,233,0.91015625
E00025678,383,317,0.8276762402088773
E00025680,298,264,0.8859060402684564
E00025681,237,194,0.8185654008438819
E00025682,320,236,0.7375
E00025684,308,259,0.8409090909090909
E00025685,283,249,0.8798586572438163
E00025687,313,268,0.8562300319488818
E00025688,272,227,0.8345588235294118
E00025689,299,247,0.8260869565217391
E00025690,272,245,0.9007352941176471
E00025691,344,303,0.8808139534883721
E00025692,323,275,0.8513931888544891
E00025693,314,269,0.856687898089172
E00025694,332,289,0.8704819277108434
E00025695,224,191,0.8526785714285714
E00025696,348,298,0.8563218390804598
E00025697,378,312,0.8253968253968254
E00025698,304,280,0.9210526315789473
E00025699,350,307,0.8771428571428571
E00025700,251,212,0.8446215139442231
E00025701,335,284,0.8477611940298507
E00025702,319,275,0.8620689655172413
E00025703,321,275,0.8566978193146417
E00025704,285,237,0.8315789473684211
E00025705,292,239,0.8184931506849316
E00025706,229,191,0.834061135371179
E00025707,173,132,0.7630057803468208
E00025708,295,227,0.7694915254237288
E00025709,321,262,0.8161993769470405
E00025710,336,270,0.8035714285714286
E00025711,262,218,0.8320610687022901
E00025712,301,247,0.8205980066445183
E00025713,258,206,0.7984496124031008
E00025714,305,242,0.7934426229508197
E00025715,189,158,0.8359788359788359
E00025716,298,246,0.825503355704698
E00025717,303,262,0.8646864686468647
E00025718,340,271,0.7970588235294118
E00025719,403,296,0.7344913151364765
E00025720,334,265,0.7934131736526946
E00025721,349,244,0.6991404011461319
E00025722,258,223,0.8643410852713178
E00025723,259,204,0.7876447876447876
E00025724,347,303,0.8731988472622478
E00025725,567,406,0.7160493827160493
E00025726,370,302,0.8162162162162162
E00025727,193,171,0.8860103626943006
E00025728,394,323,0.8197969543147208
E00025729,306,279,0.9117647058823529
E00025730,329,297,0.9027355623100304
E00025731,328,276,0.8414634146341463
E00025732,380,316,0.8315789473684211
E00025733,463,340,0.734341252699784
E00025734,396,346,0.8737373737373737
E00025735,392,326,0.8316326530612245
E00025736,501,420,0.8383233532934131
E00025737,367,324,0.8828337874659401
E00025738,352,307,0.8721590909090909
E00025739,377,313,0.830238726790451
E00025740,395,325,0.8227848101265823
E00025741,394,354,0.8984771573604061
E00025742,361,326,0.9030470914127424
E00025743,319,297,0.9310344827586207
E00025744,341,290,0.8504398826979472
E00025745,470,364,0.774468085106383
E00025746,233,196,0.8412017167381974
E00025747,325,284,0.8738461538461538
E00025748,425,371,0.8729411764705882
E00025749,321,277,0.8629283489096573
E00025750,364,327,0.8983516483516484
E00025751,304,261,0.8585526315789473
E00025752,254,237,0.9330708661417323
E00025753,335,287,0.8567164179104477
E00025754,330,290,0.8787878787878788
E00025756,234,206,0.8803418803418803
E00025757,245,204,0.8326530612244898
E00025758,341,291,0.8533724340175953
E00025759,322,273,0.8478260869565217
E00025760,352,277,0.7869318181818182
E00025761,358,279,0.7793296089385475
E00025762,245,206,0.8408163265306122
E00025763,354,289,0.8163841807909604
E00025764,341,292,0.8563049853372434
E00025765,331,257,0.7764350453172205
E00025766,310,259,0.8354838709677419
E00025767,291,214,0.7353951890034365
E00025768,380,280,0.7368421052631579
E00025769,292,271,0.928082191780822
E00025771,266,211,0.793233082706767
E00025772,186,157,0.8440860215053764
E00025773,368,302,0.8206521739130435
E00025774,317,251,0.7917981072555205
E00025775,250,177,0.708
E00025776,330,277,0.8393939393939394
E00025777,381,294,0.7716535433070866
E00025778,358,260,0.7262569832402235
E00025779,276,227,0.822463768115942
E00025780,144,123,0.8541666666666666
E00025781,265,211,0.7962264150943397
E00025782,260,213,0.8192307692307692
E00025786,312,247,0.7916666666666666
E00025787,311,250,0.8038585209003215
E00025788,429,345,0.8041958041958042
E00025790,317,280,0.8832807570977917
E00025791,308,242,0.7857142857142857
E00025793,323,255,0.7894736842105263
E00025794,327,282,0.8623853211009175
E00025795,333,292,0.8768768768768769
E00025796,354,284,0.8022598870056498
E00025797,315,267,0.8476190476190476
E00025798,339,310,0.9144542772861357
E00025799,428,341,0.7967289719626168
E00025800,374,300,0.8021390374331551
E00025801,375,302,0.8053333333333333
E00025802,263,253,0.9619771863117871
E00025803,256,234,0.9140625
E00025804,186,172,0.9247311827956989
E00025805,181,160,0.8839779005524862
E00025806,252,227,0.9007936507936508
E00025807,318,306,0.9622641509433962
E00025808,261,249,0.9540229885057471
E00025809,372,335,0.9005376344086021
E00025810,238,220,0.9243697478991597
E00025811,322,280,0.8695652173913043
E00025812,249,242,0.9718875502008032
E00025813,355,297,0.8366197183098592
E00025814,326,290,0.8895705521472392
E00025815,236,226,0.9576271186440678
E00025816,310,266,0.8580645161290322
E00025817,316,297,0.939873417721519
E00025818,306,288,0.9411764705882353
E00025819,380,346,0.9105263157894737
E00025820,325,292,0.8984615384615384
E00025821,308,223,0.724025974025974
E00025822,341,262,0.7683284457478006
E00025823,347,271,0.7809798270893372
E00025825,305,282,0.9245901639344263
E00025826,286,259,0.9055944055944056
E00025827,267,256,0.9588014981273408
E00025828,296,276,0.9324324324324325
E00025829,191,173,0.9057591623036649
E00025830,311,277,0.8906752411575563
E00025832,488,319,0.6536885245901639
E00025833,316,232,0.7341772151898734
E00025834,386,286,0.7409326424870466
E00025835,447,346,0.7740492170022372
E00025836,448,318,0.7098214285714286
E00025837,509,303,0.5952848722986247
E00025838,352,270,0.7670454545454546
E00025840,233,205,0.8798283261802575
E00025841,332,252,0.7590361445783133
E00025842,318,171,0.5377358490566038
E00025843,447,313,0.7002237136465325
E00025844,345,247,0.7159420289855073
E00025845,355,302,0.8507042253521127
E00025846,303,202,0.6666666666666666
E00025850,273,220,0.8058608058608059
E00025851,322,243,0.7546583850931677
E00025852,292,230,0.7876712328767124
E00025853,329,302,0.9179331306990881
E00025855,263,220,0.8365019011406845
E00025856,291,246,0.845360824742268
E00025857,612,408,0.6666666666666666
E00025858,339,268,0.7905604719764012
E00025859,381,298,0.7821522309711286
E00025862,280,247,0.8821428571428571
E00025863,202,172,0.8514851485148515
E00025864,297,276,0.9292929292929293
E00025865,309,264,0.8543689320388349
E00025866,260,242,0.9307692307692308
E00025867,256,238,0.9296875
E00025868,266,239,0.8984962406015038
E00025869,349,324,0.9283667621776505
E00025870,295,275,0.9322033898305084
E00025871,254,247,0.9724409448818898
E00025872,165,137,0.8303030303030303
E00025873,321,269,0.838006230529595
E00025875,290,239,0.8241379310344827
E00025876,266,236,0.8872180451127819
E00025877,303,285,0.9405940594059405
E00025878,218,198,0.908256880733945
E00025879,306,271,0.8856209150326797
E00025880,288,267,0.9270833333333334
E00025882,281,264,0.9395017793594306
E00025883,162,149,0.9197530864197531
E00025884,325,268,0.8246153846153846
E00025885,288,254,0.8819444444444444
E00025886,304,277,0.9111842105263158
E00025887,283,239,0.8445229681978799
E00025888,314,275,0.8757961783439491
E00025889,318,275,0.8647798742138365
E00025890,308,271,0.8798701298701299
E00025891,329,296,0.8996960486322189
E00025892,246,221,0.8983739837398373
E00025893,224,193,0.8616071428571429
E00025894,319,264,0.8275862068965517
E00025895,345,267,0.7739130434782608
E00025896,454,363,0.7995594713656388
E00025897,296,263,0.8885135135135135
E00025898,277,240,0.8664259927797834
E00025899,291,255,0.8762886597938144
E00025900,307,280,0.9120521172638436
E00025901,314,280,0.89171974522293
E00025902,324,232,0.7160493827160493
E00025903,251,214,0.852589641434263
E00025904,377,299,0.7931034482758621
E00025905,360,297,0.825
E00025906,306,261,0.8529411764705882
E00025907,366,300,0.819672131147541
E00025908,409,315,0.7701711491442543
E00025909,371,290,0.7816711590296496
E00025910,269,190,0.7063197026022305
E00025911,348,253,0.7270114942528736
E00025912,309,250,0.8090614886731392
E00025913,376,297,0.7898936170212766
E00025914,401,289,0.7206982543640897
E00025915,324,268,0.8271604938271605
E00025916,325,283,0.8707692307692307
E00025917,337,271,0.8041543026706232
E00025918,279,226,0.8100358422939068
E00025919,332,280,0.8433734939759037
E00025920,303,263,0.8679867986798679
E00025921,306,260,0.8496732026143791
E00025922,316,272,0.8607594936708861
E00025923,386,314,0.8134715025906736
E00025924,362,324,0.8950276243093923
E00025925,493,400,0.8113590263691683
E00025926,339,254,0.7492625368731564
E00025927,346,294,0.8497109826589595
E00025928,362,309,0.8535911602209945
E00025929,424,306,0.7216981132075472
E00025930,344,247,0.7180232558139535
E00025931,435,270,0.6206896551724138
E00025932,402,294,0.7313432835820896
E00025933,302,289,0.956953642384106
E00025934,377,291,0.7718832891246684
E00025935,426,269,0.6314553990610329
E00025936,310,254,0.8193548387096774
E00025937,436,283,0.6490825688073395
E00025938,320,271,0.846875
E00025939,310,256,0.8258064516129032
E00025940,291,224,0.7697594501718213
E00025941,330,265,0.803030303030303
E00025942,338,274,0.8106508875739645
E00025943,333,266,0.7987987987987988
E00025944,274,224,0.8175182481751825
E00025945,298,254,0.8523489932885906
E00025948,266,210,0.7894736842105263
E00025949,244,197,0.8073770491803278
E00025950,164,129,0.7865853658536586
E00025951,177,158,0.8926553672316384
E00025952,170,137,0.8058823529411765
E00025953,215,159,0.7395348837209302
E00025954,242,192,0.7933884297520661
E00025955,275,238,0.8654545454545455
E00025957,179,146,0.8156424581005587
E00025958,183,91,0.4972677595628415
E00025959,217,193,0.8894009216589862
E00025961,169,131,0.7751479289940828
E00025962,253,200,0.7905138339920948
E00025963,246,172,0.6991869918699187
E00025964,255,205,0.803921568627451
E00025968,265,210,0.7924528301886793
E00025969,253,209,0.8260869565217391
E00025970,241,194,0.8049792531120332
E00025976,185,169,0.9135135135135135
E00025987,321,167,0.5202492211838006
E00025988,255,80,0.3137254901960784
E00025989,145,126,0.8689655172413793
E00025993,189,148,0.783068783068783
E00025994,111,74,0.6666666666666666
E00025995,283,225,0.7950530035335689
E00025996,322,280,0.8695652173913043
E00025997,285,254,0.8912280701754386
E00025998,380,341,0.8973684210526316
E00026000,329,270,0.8206686930091185
E00026001,381,366,0.9606299212598425
E00026002,267,242,0.9063670411985019
E00026003,300,254,0.8466666666666667
E00026004,272,241,0.8860294117647058
E00026005,269,250,0.929368029739777
E00026006,286,257,0.8986013986013986
E00026007,436,359,0.823394495412844
E00026008,299,265,0.8862876254180602
E00026009,300,254,0.8466666666666667
E00026010,220,188,0.8545454545454545
E00026011,272,239,0.8786764705882353
E00026012,241,218,0.9045643153526971
E00026014,403,328,0.8138957816377171
E00026015,245,229,0.9346938775510204
E00026017,338,307,0.908284023668639
E00026018,332,311,0.9367469879518072
E00026019,193,158,0.8186528497409327
E00026020,324,305,0.941358024691358
E00026021,228,187,0.8201754385964912
E00026022,339,312,0.9203539823008849
E00026023,245,228,0.9306122448979591
E00026024,265,248,0.9358490566037736
E00026025,315,300,0.9523809523809523
E00026026,217,192,0.8847926267281107
E00026027,396,351,0.8863636363636364
E00026028,356,322,0.9044943820224719
E00026030,372,288,0.7741935483870968
E00026031,327,279,0.8532110091743119
E00026032,294,277,0.9421768707482994
E00026033,293,238,0.8122866894197952
E00026034,307,225,0.7328990228013029
E00026035,364,307,0.8434065934065934
E00026036,530,296,0.5584905660377358
E00026038,485,246,0.5072164948453608
E00026039,364,198,0.5439560439560439
E00026040,363,203,0.559228650137741
E00026041,287,216,0.7526132404181185
E00026042,563,274,0.4866785079928952
E00026043,512,249,0.486328125
E00026045,445,207,0.4651685393258427
E00026046,542,246,0.45387453874538747
E00026047,403,235,0.5831265508684863
E00026048,427,259,0.6065573770491803
E00026049,461,206,0.44685466377440347
E00026052,400,229,0.5725
E00026053,355,211,0.5943661971830986
E00026054,474,304,0.6413502109704642
E00026055,187,145,0.7754010695187166
E00026056,478,236,0.49372384937238495
E00026057,490,241,0.49183673469387756
E00026058,497,243,0.48893360160965793
E00026059,332,268,0.8072289156626506
E00026060,423,269,0.6359338061465721
E00026065,399,211,0.5288220551378446
E00026066,387,175,0.45219638242894056
E00026067,415,209,0.5036144578313253
E00026068,321,162,0.5046728971962616
E00026069,472,219,0.4639830508474576
E00026070,452,210,0.4646017699115044
E00026071,336,195,0.5803571428571429
E00026072,513,210,0.4093567251461988
E00026073,394,225,0.5710659898477157
E00026075,311,257,0.8263665594855305
E00026076,286,244,0.8531468531468531
E00026077,298,255,0.8557046979865772
E00026078,320,246,0.76875
E00026079,290,268,0.9241379310344827
E00026080,240,220,0.9166666666666666
E00026081,260,236,0.9076923076923077
E00026082,253,234,0.924901185770751
E00026083,248,230,0.9274193548387096
E00026084,265,244,0.9207547169811321
E00026085,213,190,0.892018779342723
E00026086,255,229,0.8980392156862745
E00026087,380,333,0.8763157894736842
E00026088,304,275,0.9046052631578947
E00026089,299,267,0.8929765886287625
E00026090,333,288,0.8648648648648649
E00026091,399,374,0.9373433583959899
E00026092,203,173,0.8522167487684729
E00026093,327,299,0.9143730886850153
E00026094,311,298,0.9581993569131833
E00026095,308,247,0.801948051948052
E00026096,287,233,0.8118466898954704
E00026097,356,299,0.8398876404494382
E00026098,319,278,0.8714733542319749
E00026099,263,196,0.7452471482889734
E00026100,381,315,0.8267716535433071
E00026101,266,235,0.8834586466165414
E00026102,320,295,0.921875
E00026103,255,222,0.8705882352941177
E00026104,258,202,0.7829457364341085
E00026105,286,244,0.8531468531468531
E00026106,278,242,0.8705035971223022
E00026107,306,271,0.8856209150326797
E00026108,179,158,0.88268156424581
E00026109,352,300,0.8522727272727273
E00026110,260,213,0.8192307692307692
E00026111,246,219,0.8902439024390244
E00026112,344,300,0.872093023255814
E00026113,369,295,0.7994579945799458
E00026114,373,329,0.8820375335120644
E00026115,300,265,0.8833333333333333
E00026116,173,142,0.8208092485549133
E00026117,242,195,0.8057851239669421
E00026118,287,223,0.7770034843205574
E00026119,279,232,0.8315412186379928
E00026120,318,292,0.9182389937106918
E00026121,380,342,0.9
E00026122,269,218,0.8104089219330854
E00026123,314,273,0.8694267515923567
E00026124,321,288,0.897196261682243
E00026125,346,320,0.9248554913294798
E00026126,307,284,0.9250814332247557
E00026127,309,267,0.8640776699029126
E00026128,422,265,0.6279620853080569
E00026129,362,212,0.585635359116022
E00026130,364,176,0.4835164835164835
E00026131,324,260,0.8024691358024691
E00026132,389,285,0.7326478149100257
E00026133,275,225,0.8181818181818182
E00026134,292,190,0.6506849315068494
E00026136,442,364,0.8235294117647058
E00026137,463,351,0.7580993520518359
E00026138,117,89,0.7606837606837606
E00026139,333,239,0.7177177177177178
E00026140,334,286,0.8562874251497006
E00026141,254,205,0.8070866141732284
E00026142,211,143,0.6777251184834123
E00026143,315,261,0.8285714285714286
E00026144,344,281,0.8168604651162791
E00026145,236,157,0.6652542372881356
E00026146,299,235,0.7859531772575251
E00026147,504,358,0.7103174603174603
E00026148,277,190,0.6859205776173285
E00026149,322,254,0.7888198757763976
E00026150,336,246,0.7321428571428571
E00026151,385,248,0.6441558441558441
E00026152,321,236,0.735202492211838
E00026153,363,182,0.5013774104683195
E00026154,303,207,0.6831683168316832
E00026155,393,311,0.7913486005089059
E00026156,176,112,0.6363636363636364
E00026157,301,205,0.6810631229235881
E00026158,425,250,0.5882352941176471
E00026159,425,211,0.4964705882352941
E00026160,383,214,0.5587467362924282
E00026161,368,217,0.5896739130434783
E00026162,391,238,0.6086956521739131
E00026163,398,197,0.4949748743718593
E00026164,502,233,0.4641434262948207
E00026165,418,243,0.5813397129186603
E00026166,214,137,0.6401869158878505
E00026167,486,280,0.5761316872427984
E00026168,346,262,0.7572254335260116
E00026169,237,183,0.7721518987341772
E00026170,335,295,0.8805970149253731
E00026171,324,275,0.8487654320987654
E00026172,320,266,0.83125
E00026173,340,265,0.7794117647058824
E00026174,188,162,0.8617021276595744
E00026175,227,178,0.7841409691629956
E00026176,268,218,0.8134328358208955
E00026177,310,261,0.8419354838709677
E00026178,327,291,0.8899082568807339
E00026179,312,269,0.8621794871794872
E00026180,222,187,0.8423423423423423
E00026181,330,287,0.8696969696969697
E00026182,282,252,0.8936170212765957
E00026183,406,325,0.8004926108374384
E00026184,240,220,0.9166666666666666
E00026185,356,304,0.8539325842696629
E00026186,326,282,0.8650306748466258
E00026187,354,303,0.8559322033898306
E00026188,344,304,0.8837209302325582
E00026189,326,285,0.8742331288343558
E00026190,294,241,0.8197278911564626
E00026191,251,210,0.8366533864541833
E00026192,332,267,0.8042168674698795
E00026193,256,214,0.8359375
E00026194,328,293,0.8932926829268293
E00026195,238,203,0.8529411764705882
E00026196,239,212,0.8870292887029289
E00026197,254,220,0.8661417322834646
E00026198,379,333,0.8786279683377308
E00026199,368,323,0.8777173913043478
E00026200,298,268,0.8993288590604027
E00026201,272,233,0.8566176470588235
E00026202,372,308,0.8279569892473119
E00026203,292,257,0.8801369863013698
E00026204,353,299,0.8470254957507082
E00026205,328,262,0.7987804878048781
E00026206,320,300,0.9375
E00026207,335,286,0.8537313432835821
E00026208,469,345,0.7356076759061834
E00026209,355,305,0.8591549295774648
E00026210,256,218,0.8515625
E00026211,324,275,0.8487654320987654
E00026212,362,288,0.7955801104972375
E00026213,313,229,0.731629392971246
E00026214,227,169,0.7444933920704846
E00026215,307,267,0.8697068403908795
E00026216,326,264,0.8098159509202454
E00026217,282,224,0.7943262411347518
E00026218,336,237,0.7053571428571429
E00026219,286,135,0.47202797202797203
E00026220,325,224,0.6892307692307692
E00026221,307,207,0.6742671009771987
E00026222,467,287,0.6145610278372591
E00026223,449,316,0.7037861915367484
E00026224,547,379,0.6928702010968921
E00026225,581,411,0.7074010327022375
E00026226,422,348,0.8246445497630331
E00026227,233,164,0.703862660944206
E00026228,431,299,0.6937354988399071
E00026230,429,320,0.745920745920746
E00026231,283,214,0.7561837455830389
E00026232,202,173,0.8564356435643564
E00026233,380,288,0.7578947368421053
E00026234,368,267,0.7255434782608695
E00026235,614,361,0.5879478827361564
E00026236,220,160,0.7272727272727273
E00026237,270,158,0.5851851851851851
E00026238,445,281,0.6314606741573033
E00026239,550,366,0.6654545454545454
E00026241,456,334,0.7324561403508771
E00026242,392,295,0.7525510204081632
E00026243,430,257,0.5976744186046512
E00026244,243,186,0.7654320987654321
E00026245,483,316,0.6542443064182195
E00026246,428,320,0.7476635514018691
E00026247,343,241,0.7026239067055393
E00026248,509,362,0.7111984282907662
E00026250,295,212,0.7186440677966102
E00026251,575,531,0.9234782608695652
E00026252,570,409,0.7175438596491228
E00026253,541,472,0.8724584103512015
E00026254,260,182,0.7
E00026255,320,238,0.74375
E00026256,403,273,0.6774193548387096
E00026257,295,231,0.7830508474576271
E00026258,241,192,0.7966804979253111
E00026259,250,193,0.772
E00026260,268,224,0.835820895522388
E00026261,300,239,0.7966666666666666
E00026262,221,155,0.7013574660633484
E00026263,344,275,0.7994186046511628
E00026264,267,230,0.8614232209737828
E00026265,262,205,0.7824427480916031
E00026266,332,215,0.6475903614457831
E00026267,310,269,0.867741935483871
E00026268,334,236,0.7065868263473054
E00026269,395,276,0.6987341772151898
E00026270,394,271,0.6878172588832487
E00026272,293,282,0.962457337883959
E00026273,290,256,0.8827586206896552
E00026274,408,345,0.8455882352941176
E00026275,407,352,0.8648648648648649
E00026276,356,239,0.6713483146067416
E00026277,312,270,0.8653846153846154
E00026278,281,217,0.7722419928825622
E00026279,258,219,0.8488372093023255
E00026280,137,95,0.6934306569343066
E00026281,249,210,0.8433734939759037
E00026282,379,305,0.8047493403693932
E00026283,422,350,0.8293838862559242
E00026284,340,263,0.7735294117647059
E00026285,267,221,0.8277153558052435
E00026286,259,177,0.6833976833976834
E00026287,335,281,0.8388059701492537
E00026288,397,347,0.8740554156171285
E00026289,308,254,0.8246753246753247
E00026290,252,215,0.8531746031746031
E00026291,366,296,0.8087431693989071
E00026292,307,273,0.8892508143322475
E00026293,281,254,0.9039145907473309
E00026294,378,258,0.6825396825396826
E00026295,285,254,0.8912280701754386
E00026296,282,211,0.74822695035461
E00026297,245,223,0.9102040816326531
E00026298,376,320,0.851063829787234
E00026299,313,241,0.7699680511182109
E00026300,277,220,0.7942238267148014
E00026301,384,238,0.6197916666666666
E00026302,388,270,0.6958762886597938
E00026303,420,302,0.719047619047619
E00026304,353,283,0.8016997167138811
E00026305,372,305,0.8198924731182796
E00026306,409,318,0.7775061124694377
E00026307,434,249,0.5737327188940092
E00026308,440,249,0.5659090909090909
E00026309,290,235,0.8103448275862069
E00026310,472,258,0.5466101694915254
E00026312,445,223,0.501123595505618
E00026313,300,202,0.6733333333333333
E00026314,446,263,0.5896860986547086
E00026315,587,362,0.616695059625213
E00026316,425,230,0.5411764705882353
E00026317,348,272,0.7816091954022989
E00026318,207,163,0.7874396135265701
E00026319,320,240,0.75
E00026320,313,248,0.792332268370607
E00026321,313,242,0.7731629392971247
E00026322,280,230,0.8214285714285714
E00026323,432,274,0.6342592592592593
E00026324,289,231,0.7993079584775087
E00026325,397,234,0.5894206549118388
E00026326,321,242,0.7538940809968847
E00026327,267,237,0.8876404494382022
E00026328,401,270,0.6733167082294265
E00026329,388,312,0.8041237113402062
E00026330,299,164,0.5484949832775919
E00026331,346,261,0.7543352601156069
E00026332,371,285,0.7681940700808625
E00026333,346,261,0.7543352601156069
E00026334,498,397,0.7971887550200804
E00026335,343,245,0.7142857142857143
E00026336,283,222,0.784452296819788
E00026337,166,111,0.6686746987951807
E00026338,457,199,0.43544857768052514
E00026340,576,328,0.5694444444444444
E00026341,472,212,0.4491525423728814
E00026342,343,248,0.7230320699708455
E00026343,348,234,0.6724137931034483
E00026344,430,348,0.8093023255813954
E00026345,378,309,0.8174603174603174
E00026346,317,208,0.6561514195583596
E00026348,409,225,0.5501222493887531
E00026349,385,281,0.7298701298701299
E00026350,301,236,0.7840531561461794
E00026351,251,194,0.7729083665338645
E00026352,295,233,0.7898305084745763
E00026353,405,292,0.7209876543209877
E00026354,292,206,0.7054794520547946
E00026355,407,291,0.714987714987715
E00026356,261,242,0.9272030651340997
E00026357,280,214,0.7642857142857142
E00026358,251,192,0.7649402390438247
E00026359,461,316,0.6854663774403471
E00026360,252,225,0.8928571428571429
E00026361,342,249,0.7280701754385965
E00026362,377,253,0.6710875331564987
E00026363,315,267,0.8476190476190476
E00026364,237,200,0.8438818565400844
E00026365,289,225,0.7785467128027682
E00026366,347,307,0.8847262247838616
E00026367,269,214,0.7955390334572491
E00026369,306,273,0.8921568627450981
E00026371,415,302,0.727710843373494
E00026372,393,321,0.816793893129771
E00026373,287,238,0.8292682926829268
E00026374,266,229,0.8609022556390977
E00026375,440,326,0.740909090909091
E00026376,302,266,0.8807947019867549
E00026378,449,297,0.6614699331848553
E00026379,207,142,0.6859903381642513
E00026381,213,140,0.6572769953051644
E00026383,381,249,0.6535433070866141
E00026384,252,157,0.623015873015873
E00026386,474,320,0.6751054852320675
E00026387,260,185,0.7115384615384616
E00026390,1433,723,0.5045359385903698
E00026392,245,169,0.689795918367347
E00026393,179,119,0.664804469273743
E00026395,366,241,0.6584699453551912
E00026396,123,86,0.6991869918699187
E00026397,307,162,0.5276872964169381
E00026398,276,181,0.6557971014492754
E00026400,219,128,0.5844748858447488
E00026401,325,201,0.6184615384615385
E00026402,328,217,0.6615853658536586
E00026403,310,186,0.6
E00026405,227,132,0.5814977973568282
E00026406,213,131,0.6150234741784038
E00026407,216,143,0.6620370370370371
E00026408,178,72,0.4044943820224719
E00026409,320,257,0.803125
E00026410,275,195,0.7090909090909091
E00026411,431,301,0.6983758700696056
E00026412,380,253,0.6657894736842105
E00026413,479,308,0.6430062630480167
E00026414,283,211,0.7455830388692579
E00026415,546,300,0.5494505494505495
E00026416,439,286,0.6514806378132119
E00026417,450,353,0.7844444444444445
E00026418,363,292,0.8044077134986226
E00026419,349,225,0.6446991404011462
E00026420,361,213,0.590027700831025
E00026421,310,216,0.6967741935483871
E00026422,260,203,0.7807692307692308
E00026423,364,275,0.7554945054945055
E00026424,297,250,0.8417508417508418
E00026425,205,154,0.751219512195122
E00026426,464,320,0.6896551724137931
E00026427,360,276,0.7666666666666667
E00026428,311,238,0.7652733118971061
E00026429,287,220,0.7665505226480837
E00026430,346,245,0.708092485549133
E00026431,359,268,0.7465181058495822
E00026432,359,279,0.7771587743732591
E00026433,393,170,0.43256997455470736
E00026434,438,308,0.7031963470319634
E00026435,361,260,0.7202216066481995
E00026436,361,285,0.7894736842105263
E00026437,484,342,0.7066115702479339
E00026438,343,247,0.7201166180758017
E00026439,270,197,0.7296296296296296
E00026440,357,222,0.6218487394957983
E00026441,375,186,0.496
E00026442,326,216,0.6625766871165644
E00026443,365,292,0.8
E00026444,386,238,0.616580310880829
E00026445,385,254,0.6597402597402597
E00026446,454,278,0.6123348017621145
E00026447,397,306,0.7707808564231738
E00026448,397,209,0.5264483627204031
E00026449,387,237,0.6124031007751938
E00026450,332,202,0.608433734939759
E00026451,301,215,0.7142857142857143
E00026452,394,300,0.7614213197969543
E00026453,361,291,0.8060941828254847
E00026454,268,222,0.8283582089552238
E00026455,343,275,0.8017492711370262
E00026457,301,191,0.6345514950166113
E00026458,321,280,0.8722741433021807
E00026459,315,268,0.8507936507936508
E00026460,214,200,0.9345794392523364
E00026461,473,286,0.6046511627906976
E00026462,236,165,0.6991525423728814
E00026463,480,332,0.6916666666666667
E00026464,316,274,0.8670886075949367
E00026465,312,228,0.7307692307692307
E00026466,422,315,0.7464454976303317
E00026467,279,234,0.8387096774193549
E00026468,284,264,0.9295774647887324
E00026469,292,271,0.928082191780822
E00026470,400,325,0.8125
E00026471,268,215,0.8022388059701493
E00026472,426,305,0.715962441314554
E00026473,204,140,0.6862745098039216
E00026474,319,238,0.7460815047021944
E00026475,267,177,0.6629213483146067
E00026476,343,281,0.8192419825072886
E00026477,383,271,0.7075718015665796
E00026478,249,190,0.7630522088353414
E00026479,221,170,0.7692307692307693
E00026480,325,316,0.9723076923076923
E00026481,300,292,0.9733333333333334
E00026482,347,329,0.9481268011527377
E00026483,290,284,0.9793103448275862
E00026484,312,250,0.8012820512820513
E00026485,310,285,0.9193548387096774
E00026487,277,261,0.9422382671480144
E00026488,265,230,0.8679245283018868
E00026489,362,229,0.6325966850828729
E00026490,274,184,0.6715328467153284
E00026491,420,229,0.5452380952380952
E00026492,316,174,0.5506329113924051
E00026493,535,348,0.6504672897196262
E00026494,513,253,0.49317738791423
E00026495,502,266,0.5298804780876494
E00026496,540,283,0.524074074074074
E00026497,274,150,0.5474452554744526
E00026498,447,265,0.5928411633109619
E00026501,350,176,0.5028571428571429
E00026502,372,135,0.3629032258064516
E00026503,409,226,0.5525672371638142
E00026504,479,285,0.5949895615866388
E00026505,353,185,0.5240793201133145
E00026506,494,266,0.5384615384615384
E00026507,470,288,0.6127659574468085
E00026508,384,211,0.5494791666666666
E00026509,506,286,0.5652173913043478
E00026510,439,309,0.7038724373576309
E00026511,428,183,0.42757009345794394
E00026512,450,210,0.4666666666666667
E00026513,530,260,0.49056603773584906
E00026514,531,242,0.455743879472693
E00026515,421,208,0.49406175771971494
E00026516,517,208,0.402321083172147
E00026517,489,249,0.50920245398773
E00026518,523,248,0.47418738049713194
E00026519,597,268,0.4489112227805695
E00026520,597,299,0.5008375209380235
E00026521,486,252,0.5185185185185185
E00026522,498,302,0.606425702811245
E00026523,528,237,0.44886363636363635
E00026524,355,202,0.5690140845070423
E00026525,412,244,0.5922330097087378
E00026526,299,172,0.5752508361204013
E00026527,307,211,0.6872964169381107
E00026528,305,247,0.8098360655737705
E00026529,144,74,0.5138888888888888
E00026530,400,243,0.6075
E00026531,403,222,0.5508684863523573
E00026532,304,215,0.7072368421052632
E00026533,560,370,0.6607142857142857
E00026534,370,204,0.5513513513513514
E00026535,511,262,0.512720156555773
E00026536,452,247,0.5464601769911505
E00026537,352,250,0.7102272727272727
E00026539,405,224,0.5530864197530864
E00026540,380,208,0.5473684210526316
E00026541,436,185,0.4243119266055046
E00026542,367,176,0.47956403269754766
E00026543,378,197,0.5211640211640212
E00026544,469,258,0.5501066098081023
E00026545,400,186,0.465
E00026546,397,260,0.654911838790932
E00026547,480,305,0.6354166666666666
E00026548,425,190,0.4470588235294118
E00026549,550,323,0.5872727272727273
E00026550,490,211,0.4306122448979592
E00026551,565,354,0.6265486725663717
E00026552,337,223,0.6617210682492581
E00026553,455,239,0.5252747252747253
E00026554,408,244,0.5980392156862745
E00026555,417,225,0.539568345323741
E00026556,350,285,0.8142857142857143
E00026557,336,237,0.7053571428571429
E00026558,375,210,0.56
E00026559,508,240,0.47244094488188976
E00026561,392,214,0.5459183673469388
E00026563,384,204,0.53125
E00026564,364,171,0.4697802197802198
E00026565,314,151,0.48089171974522293
E00026566,522,271,0.5191570881226054
E00026567,467,261,0.5588865096359743
E00026568,517,262,0.5067698259187621
E00026569,493,232,0.47058823529411764
E00026570,458,226,0.49344978165938863
E00026571,296,149,0.5033783783783784
E00026572,430,200,0.46511627906976744
E00026573,327,197,0.6024464831804281
E00026574,329,170,0.5167173252279635
E00026575,314,307,0.9777070063694268
E00026576,305,255,0.8360655737704918
E00026577,314,275,0.8757961783439491
E00026578,364,309,0.8489010989010989
E00026579,337,312,0.9258160237388724
E00026580,333,309,0.9279279279279279
E00026581,308,293,0.9512987012987013
E00026582,283,242,0.8551236749116607
E00026583,136,122,0.8970588235294118
E00026584,363,315,0.8677685950413223
E00026585,345,314,0.9101449275362319
E00026586,473,384,0.8118393234672304
E00026587,361,341,0.9445983379501385
E00026588,345,309,0.8956521739130435
E00026589,313,290,0.9265175718849841
E00026590,340,333,0.9794117647058823
E00026591,359,349,0.9721448467966574
E00026592,359,340,0.947075208913649
E00026593,355,341,0.9605633802816902
E00026594,299,277,0.9264214046822743
E00026595,331,288,0.8700906344410876
E00026596,303,294,0.9702970297029703
E00026597,286,275,0.9615384615384616
E00026598,256,240,0.9375
E00026599,344,296,0.8604651162790697
E00026600,295,285,0.9661016949152542
E00026601,257,210,0.8171206225680934
E00026602,285,267,0.9368421052631579
E00026603,302,282,0.9337748344370861
E00026604,293,281,0.9590443686006825
E00026605,267,252,0.9438202247191011
E00026606,220,171,0.7772727272727272
E00026607,500,456,0.912
E00026608,295,282,0.9559322033898305
E00026609,285,270,0.9473684210526315
E00026610,254,250,0.984251968503937
E00026611,368,345,0.9375
E00026612,444,400,0.9009009009009009
E00026613,268,222,0.8283582089552238
E00026614,286,260,0.9090909090909091
E00026615,316,305,0.9651898734177216
E00026616,332,291,0.8765060240963856
E00026617,317,276,0.8706624605678234
E00026618,279,256,0.9175627240143369
E00026619,252,214,0.8492063492063492
E00026620,331,297,0.8972809667673716
E00026621,291,273,0.9381443298969072
E00026622,221,161,0.7285067873303167
E00026623,322,297,0.922360248447205
E00026624,377,338,0.896551724137931
E00026625,281,262,0.9323843416370107
E00026626,260,233,0.8961538461538462
E00026627,325,267,0.8215384615384616
E00026628,326,278,0.852760736196319
E00026629,323,288,0.891640866873065
E00026630,308,284,0.922077922077922
E00026631,228,197,0.8640350877192983
E00026632,206,176,0.8543689320388349
E00026633,457,392,0.8577680525164114
E00026634,367,324,0.8828337874659401
E00026635,301,279,0.9269102990033222
E00026636,311,293,0.9421221864951769
E00026637,485,373,0.7690721649484537
E00026638,282,248,0.8794326241134752
E00026639,385,317,0.8233766233766234
E00026640,274,247,0.9014598540145985
E00026641,246,215,0.8739837398373984
E00026642,313,265,0.8466453674121406
E00026643,289,269,0.9307958477508651
E00026644,318,295,0.9276729559748428
E00026645,284,215,0.7570422535211268
E00026646,300,252,0.84
E00026647,251,216,0.8605577689243028
E00026648,254,198,0.7795275590551181
E00026649,266,255,0.9586466165413534
E00026650,275,246,0.8945454545454545
E00026651,238,207,0.8697478991596639
E00026652,344,324,0.9418604651162791
E00026653,366,338,0.9234972677595629
E00026654,267,251,0.9400749063670412
E00026655,304,270,0.8881578947368421
E00026656,549,451,0.8214936247723132
E00026657,152,141,0.9276315789473685
E00026658,193,163,0.844559585492228
E00026659,255,242,0.9490196078431372
E00026660,391,316,0.8081841432225064
E00026661,315,285,0.9047619047619048
E00026662,334,302,0.9041916167664671
E00026663,327,293,0.8960244648318043
E00026664,302,262,0.8675496688741722
E00026665,290,239,0.8241379310344827
E00026666,261,221,0.8467432950191571
E00026667,307,272,0.8859934853420195
E00026668,352,286,0.8125
E00026669,503,428,0.8508946322067594
E00026670,335,273,0.8149253731343283
E00026671,324,293,0.904320987654321
E00026672,300,273,0.91
E00026673,250,216,0.864
E00026674,366,331,0.9043715846994536
E00026675,302,248,0.8211920529801324
E00026676,255,219,0.8588235294117647
E00026677,330,286,0.8666666666666667
E00026678,287,266,0.926829268292683
E00026679,367,280,0.7629427792915532
E00026680,260,246,0.9461538461538461
E00026681,212,192,0.9056603773584906
E00026682,277,249,0.8989169675090253
E00026683,299,257,0.8595317725752508
E00026684,360,327,0.9083333333333333
E00026685,284,264,0.9295774647887324
E00026686,190,174,0.9157894736842105
E00026687,220,201,0.9136363636363637
E00026688,298,275,0.9228187919463087
E00026689,425,344,0.8094117647058824
E00026690,254,236,0.9291338582677166
E00026691,288,277,0.9618055555555556
E00026692,319,292,0.9153605015673981
E00026693,263,236,0.8973384030418251
E00026694,234,209,0.8931623931623932
E00026695,270,233,0.8629629629629629
E00026696,322,294,0.9130434782608695
E00026697,316,263,0.8322784810126582
E00026698,315,280,0.8888888888888888
E00026699,346,306,0.884393063583815
E00026700,284,213,0.75
E00026701,388,311,0.8015463917525774
E00026702,413,339,0.8208232445520581
E00026703,416,340,0.8173076923076923
E00026704,366,274,0.7486338797814208
E00026705,361,286,0.7922437673130194
E00026706,304,236,0.7763157894736842
E00026707,326,242,0.7423312883435583
E00026708,381,310,0.8136482939632546
E00026709,330,268,0.8121212121212121
E00026710,299,256,0.8561872909698997
E00026711,214,182,0.8504672897196262
E00026712,255,220,0.8627450980392157
E00026713,373,333,0.8927613941018767
E00026714,238,188,0.7899159663865546
E00026715,337,272,0.8071216617210683
E00026716,241,206,0.8547717842323651
E00026717,278,240,0.8633093525179856
E00026718,345,281,0.8144927536231884
E00026719,293,246,0.8395904436860068
E00026720,404,340,0.8415841584158416
E00026721,366,319,0.8715846994535519
E00026722,443,335,0.7562076749435666
E00026723,427,336,0.7868852459016393
E00026724,467,310,0.6638115631691649
E00026725,294,225,0.7653061224489796
E00026726,564,484,0.8581560283687943
E00026727,310,225,0.7258064516129032
E00026728,500,397,0.794
E00026730,429,317,0.7389277389277389
E00026731,340,275,0.8088235294117647
E00026732,281,209,0.7437722419928826
E00026733,317,248,0.7823343848580442
E00026734,478,401,0.8389121338912134
E00026735,358,286,0.7988826815642458
E00026736,345,267,0.7739130434782608
E00026737,317,246,0.7760252365930599
E00026738,469,413,0.8805970149253731
E00026739,295,218,0.7389830508474576
E00026740,317,278,0.8769716088328076
E00026741,294,244,0.8299319727891157
E00026742,338,271,0.8017751479289941
E00026743,345,277,0.8028985507246377
E00026744,251,200,0.796812749003984
E00026745,322,264,0.8198757763975155
E00026746,319,270,0.8463949843260188
E00026747,307,240,0.7817589576547231
E00026748,492,416,0.8455284552845529
E00026749,270,219,0.8111111111111111
E00026750,510,306,0.6
E00026751,476,281,0.5903361344537815
E00026752,310,230,0.7419354838709677
E00026753,434,262,0.6036866359447005
E00026754,480,318,0.6625
E00026755,413,269,0.6513317191283293
E00026756,481,352,0.7318087318087318
E00026758,622,570,0.9163987138263665
E00026759,316,266,0.8417721518987342
E00026760,543,482,0.8876611418047882
E00026761,183,81,0.4426229508196721
E00026764,482,247,0.5124481327800829
E00026765,543,281,0.5174953959484346
E00026766,554,214,0.3862815884476534
E00026767,412,246,0.5970873786407767
E00026768,355,168,0.4732394366197183
E00026769,367,231,0.6294277929155313
E00026770,499,287,0.5751503006012024
E00026771,301,152,0.5049833887043189
E00026772,394,269,0.682741116751269
E00026773,329,250,0.7598784194528876
E00026774,328,168,0.5121951219512195
E00026775,455,183,0.4021978021978022
E00026776,143,101,0.7062937062937062
E00026777,235,129,0.548936170212766
E00026778,412,239,0.5800970873786407
E00026779,441,276,0.6258503401360545
E00026780,384,293,0.7630208333333334
E00026781,455,311,0.6835164835164835
E00026782,391,264,0.6751918158567775
E00026783,499,314,0.6292585170340681
E00026784,478,276,0.5774058577405857
E00026785,405,354,0.8740740740740741
E00026786,261,241,0.9233716475095786
E00026787,377,333,0.883289124668435
E00026788,246,223,0.9065040650406504
E00026789,260,230,0.8846153846153846
E00026790,287,256,0.89198606271777
E00026791,261,232,0.8888888888888888
E00026792,291,266,0.9140893470790378
E00026793,288,258,0.8958333333333334
E00026795,336,304,0.9047619047619048
E00026796,290,270,0.9310344827586207
E00026797,300,268,0.8933333333333333
E00026798,306,284,0.9281045751633987
E00026799,192,185,0.9635416666666666
E00026800,337,321,0.9525222551928784
E00026801,305,252,0.8262295081967214
E00026802,332,290,0.8734939759036144
E00026803,328,308,0.9390243902439024
E00026804,330,304,0.9212121212121213
E00026806,449,345,0.7683741648106904
E00026807,281,244,0.8683274021352313
E00026808,238,213,0.8949579831932774
E00026809,265,231,0.8716981132075472
E00026810,176,154,0.875
E00026811,301,288,0.9568106312292359
E00026812,300,287,0.9566666666666667
E00026813,326,296,0.9079754601226994
E00026814,283,241,0.8515901060070671
E00026815,335,313,0.9343283582089552
E00026816,353,315,0.8923512747875354
E00026817,305,279,0.9147540983606557
E00026818,330,303,0.9181818181818182
E00026819,286,246,0.8601398601398601
E00026821,408,258,0.6323529411764706
E00026822,436,264,0.6055045871559633
E00026823,435,310,0.7126436781609196
E00026824,417,266,0.6378896882494005
E00026825,263,218,0.8288973384030418
E00026826,369,236,0.6395663956639567
E00026827,350,250,0.7142857142857143
E00026828,406,247,0.6083743842364532
E00026829,327,234,0.7155963302752294
E00026830,403,334,0.8287841191066998
E00026831,298,191,0.6409395973154363
E00026832,364,245,0.6730769230769231
E00026833,431,295,0.6844547563805105
E00026834,337,229,0.6795252225519288
E00026835,321,208,0.6479750778816199
E00026837,262,168,0.6412213740458015
E00026838,264,213,0.8068181818181818
E00026840,178,128,0.7191011235955056
E00026841,346,215,0.6213872832369942
E00026842,440,309,0.7022727272727273
E00026843,359,257,0.7158774373259053
E00026844,321,222,0.6915887850467289
E00026845,433,295,0.6812933025404158
E00026846,324,228,0.7037037037037037
E00026847,336,234,0.6964285714285714
E00026848,414,250,0.6038647342995169
E00026849,424,315,0.7429245283018868
E00026850,465,359,0.7720430107526882
E00026851,425,316,0.7435294117647059
E00026852,389,237,0.609254498714653
E00026854,522,337,0.6455938697318008
E00026855,330,233,0.706060606060606
E00026856,291,262,0.9003436426116839
E00026857,410,365,0.8902439024390244
E00026858,369,247,0.6693766937669376
E00026859,101,80,0.7920792079207921
E00026860,317,210,0.6624605678233438
E00026861,368,263,0.7146739130434783
E00026862,373,314,0.8418230563002681
E00026863,362,309,0.8535911602209945
E00026864,358,271,0.7569832402234636
E00026865,425,324,0.7623529411764706
E00026866,347,299,0.861671469740634
E00026867,322,276,0.8571428571428571
E00026868,235,199,0.8468085106382979
E00026869,253,210,0.8300395256916996
E00026870,399,296,0.7418546365914787
E00026871,405,334,0.8246913580246914
E00026872,387,331,0.8552971576227391
E00026873,387,327,0.8449612403100775
E00026874,395,320,0.810126582278481
E00026875,301,253,0.840531561461794
E00026876,425,303,0.7129411764705882
E00026877,617,456,0.7390599675850892
E00026878,502,439,0.8745019920318725
E00026879,440,346,0.7863636363636364
E00026880,414,298,0.7198067632850241
E00026881,325,282,0.8676923076923077
E00026882,279,240,0.8602150537634409
E00026883,339,282,0.831858407079646
E00026884,351,306,0.8717948717948718
E00026885,287,213,0.7421602787456446
E00026886,297,259,0.8720538720538721
E00026887,275,222,0.8072727272727273
E00026888,318,246,0.7735849056603774
E00026889,386,306,0.7927461139896373
E00026890,348,297,0.853448275862069
E00026891,228,189,0.8289473684210527
E00026892,275,214,0.7781818181818182
E00026893,498,405,0.8132530120481928
E00026894,492,428,0.8699186991869918
E00026895,306,261,0.8529411764705882
E00026896,280,224,0.8
E00026897,450,406,0.9022222222222223
E00026898,391,300,0.7672634271099744
E00026899,332,272,0.8192771084337349
E00026900,383,335,0.8746736292428199
E00026901,398,327,0.821608040201005
E00026902,402,294,0.7313432835820896
E00026903,457,362,0.7921225382932167
E00026904,271,237,0.8745387453874539
E00026905,473,415,0.8773784355179705
E00026906,246,219,0.8902439024390244
E00026907,258,244,0.9457364341085271
E00026908,219,204,0.9315068493150684
E00026909,300,263,0.8766666666666667
E00026910,313,274,0.8753993610223643
E00026912,322,287,0.8913043478260869
E00026913,258,217,0.8410852713178295
E00026914,314,265,0.8439490445859873
E00026915,284,256,0.9014084507042254
E00026916,309,186,0.6019417475728155
E00026917,405,329,0.8123456790123457
E00026918,248,225,0.907258064516129
E00026919,267,241,0.9026217228464419
E00026920,284,211,0.7429577464788732
E00026921,286,230,0.8041958041958042
E00026922,362,329,0.9088397790055248
E00026923,268,249,0.9291044776119403
E00026924,291,256,0.8797250859106529
E00026925,116,106,0.9137931034482759
E00026926,349,325,0.9312320916905444
E00026927,296,264,0.8918918918918919
E00026928,292,230,0.7876712328767124
E00026929,273,237,0.8681318681318682
E00026930,277,263,0.9494584837545126
E00026931,269,243,0.9033457249070632
E00026932,265,249,0.939622641509434
E00026933,298,279,0.9362416107382551
E00026934,264,239,0.9053030303030303
E00026935,337,314,0.9317507418397626
E00026936,393,362,0.9211195928753181
E00026937,566,495,0.8745583038869258
E00026938,258,234,0.9069767441860465
E00026939,315,306,0.9714285714285714
E00026940,239,210,0.8786610878661087
E00026941,309,276,0.8932038834951457
E00026942,311,280,0.9003215434083601
E00026943,335,301,0.8985074626865671
E00026944,103,97,0.941747572815534
E00175804,298,193,0.6476510067114094
E00175805,501,302,0.6027944111776448
E00175806,1359,893,0.6571008094186902
E00175807,433,253,0.5842956120092379
E00175808,994,492,0.4949698189134809
E00175809,472,166,0.3516949152542373
E00175810,204,144,0.7058823529411765
E00175811,771,303,0.39299610894941633
E00175812,422,126,0.2985781990521327
E00175813,374,95,0.2540106951871658
E00175814,188,125,0.6648936170212766
E00175815,271,153,0.5645756457564576
E00175816,457,313,0.6849015317286652
E00175817,833,417,0.5006002400960384
E00175818,773,522,0.6752910737386805
E00175819,2061,1761,0.8544395924308588
E00175820,847,468,0.5525383707201889
E00175821,429,214,0.4988344988344988
E00175822,214,113,0.5280373831775701
E00175823,197,162,0.8223350253807107
E00175824,416,201,0.4831730769230769
E00175825,994,364,0.36619718309859156
E00175826,169,129,0.7633136094674556
E00175827,375,277,0.7386666666666667
E00175828,254,143,0.562992125984252
E00175829,571,290,0.5078809106830122
E00175830,247,97,0.39271255060728744
E00175831,328,131,0.39939024390243905
E00175832,217,88,0.4055299539170507
E00175833,339,285,0.8407079646017699
E00175834,333,256,0.7687687687687688
E00175835,931,411,0.4414607948442535
E00175836,223,133,0.5964125560538116
E00175837,540,332,0.6148148148148148
E00175838,323,198,0.6130030959752322
E00175839,285,218,0.7649122807017544
E00175840,228,197,0.8640350877192983
E00175841,215,177,0.8232558139534883
E00175842,183,149,0.8142076502732241
E00175843,164,110,0.6707317073170732
E00175844,279,221,0.7921146953405018
E00175845,162,114,0.7037037037037037
E00175846,178,130,0.7303370786516854
E00175847,151,128,0.847682119205298
E00175848,342,232,0.6783625730994152
E00175849,271,150,0.5535055350553506
E00175850,250,199,0.796
E00175851,180,149,0.8277777777777777
E00175852,309,203,0.656957928802589
E00175853,199,108,0.542713567839196
E00175854,192,141,0.734375
E00175855,221,192,0.8687782805429864
E00175856,152,113,0.743421052631579
E00175857,148,107,0.722972972972973
E00175858,173,121,0.6994219653179191
E00175859,173,132,0.7630057803468208
E00175860,298,196,0.6577181208053692
E00175861,227,157,0.6916299559471366
E00175862,221,174,0.7873303167420814
E00175863,187,118,0.6310160427807486
E00175864,250,197,0.788
E00175865,201,170,0.845771144278607
E00175866,171,132,0.7719298245614035
E00175867,164,128,0.7804878048780488
E00175868,128,95,0.7421875
E00175869,217,117,0.5391705069124424
E00175870,164,133,0.8109756097560976
E00175871,238,191,0.8025210084033614
E00175872,252,179,0.7103174603174603
E00175873,218,188,0.8623853211009175
E00175874,182,132,0.7252747252747253
E00175875,466,261,0.5600858369098712
E00175876,230,150,0.6521739130434783
E00175877,214,122,0.5700934579439252
E00175878,305,241,0.7901639344262295
E00175879,193,119,0.616580310880829
E00175880,133,93,0.6992481203007519
E00175881,316,230,0.7278481012658228
E00175882,264,163,0.6174242424242424
E00175883,194,136,0.7010309278350515
E00175884,241,213,0.8838174273858921
E00175885,296,247,0.8344594594594594
E00175886,226,187,0.827433628318584
E00175887,192,160,0.8333333333333334
E00175888,270,241,0.8925925925925926
E00175889,275,226,0.8218181818181818
E00175890,267,206,0.7715355805243446
E00175891,242,190,0.7851239669421488
E00175892,269,227,0.8438661710037175
E00175893,234,198,0.8461538461538461
E00175894,238,208,0.8739495798319328
E00175895,424,364,0.8584905660377359
E00175896,253,211,0.83399209486166
E00175897,319,181,0.567398119122257
E00175898,267,184,0.6891385767790262
E00175899,257,221,0.8599221789883269
E00175900,326,172,0.5276073619631901
E00175901,234,99,0.4230769230769231
E00175902,330,299,0.906060606060606
E00175903,360,179,0.49722222222222223
E00175904,413,246,0.5956416464891041
E00175905,186,145,0.7795698924731183
E00175906,188,87,0.4627659574468085
E00175907,334,190,0.5688622754491018
E00175908,330,205,0.6212121212121212
E00175909,282,238,0.8439716312056738
E00175910,179,149,0.8324022346368715
E00175911,218,123,0.5642201834862385
E00175912,279,114,0.40860215053763443
E00175913,178,132,0.7415730337078652
E00175914,211,173,0.8199052132701422
E00175915,222,187,0.8423423423423423
E00175916,259,209,0.806949806949807
E00175917,224,183,0.8169642857142857
E00175918,292,182,0.6232876712328768
E00175919,248,162,0.6532258064516129
E00175920,293,192,0.6552901023890785
E00175921,167,106,0.6347305389221557
E00175922,189,104,0.5502645502645502
E00175923,186,127,0.6827956989247311
E00175924,312,169,0.5416666666666666
E00175925,358,270,0.7541899441340782
E00175926,341,188,0.5513196480938416
E00175927,380,213,0.5605263157894737
E00175928,248,120,0.4838709677419355
E00175929,460,283,0.6152173913043478
E00175930,156,88,0.5641025641025641
E00175931,135,82,0.6074074074074074
E00175932,312,188,0.6025641025641025
E00175933,116,65,0.5603448275862069
E00175934,273,188,0.6886446886446886
E00175935,292,162,0.5547945205479452
E00175936,210,133,0.6333333333333333
E00175937,250,190,0.76
E00175938,109,90,0.8256880733944955
E00175939,115,46,0.4
E00175940,367,138,0.3760217983651226
E00175941,374,167,0.446524064171123
E00175942,971,847,0.8722966014418125
E00175943,434,203,0.46774193548387094
E00175944,382,170,0.44502617801047123
E00175945,212,150,0.7075471698113207
E00175946,172,109,0.6337209302325582
E00175947,262,180,0.6870229007633588
E00175948,189,94,0.4973544973544973
E00175949,509,253,0.49705304518664045
E00175950,318,192,0.6037735849056604
E00175951,359,100,0.2785515320334262
E00175952,467,311,0.6659528907922913
E00175953,264,126,0.4772727272727273
E00175954,346,168,0.48554913294797686
E00175955,299,170,0.568561872909699
E00175956,209,91,0.4354066985645933
E00175957,716,645,0.9008379888268156
E00175958,129,113,0.875968992248062
E00175959,294,253,0.8605442176870748
E00175960,215,112,0.5209302325581395
E00175961,204,103,0.5049019607843137
E00175962,196,100,0.5102040816326531
E00175963,198,71,0.35858585858585856
E00175964,156,97,0.6217948717948718
E00175965,208,149,0.7163461538461539
E00175966,315,274,0.8698412698412699
E00175967,283,145,0.5123674911660777
E00175968,385,198,0.5142857142857142
E00175969,189,146,0.7724867724867724
E00175970,214,168,0.7850467289719626
E00175971,244,152,0.6229508196721312
E00175972,717,368,0.5132496513249651
E00175973,175,111,0.6342857142857142
E00175974,206,146,0.7087378640776699
E00175975,288,151,0.5243055555555556
E00175976,263,188,0.714828897338403
E00175977,209,124,0.5933014354066986
E00175978,239,200,0.8368200836820083
E00175979,165,115,0.696969696969697
E00175980,266,205,0.7706766917293233
E00175981,251,218,0.8685258964143426
E00175982,273,188,0.6886446886446886
E00175983,194,166,0.8556701030927835
E00175984,215,168,0.7813953488372093
E00175985,198,149,0.7525252525252525
E00175986,126,113,0.8968253968253969
E00175987,192,149,0.7760416666666666
E00175988,144,115,0.7986111111111112
E00175989,199,159,0.7989949748743719
E00175990,197,170,0.8629441624365483
E00175991,338,103,0.3047337278106509
E00175992,344,189,0.5494186046511628
E00175993,275,107,0.3890909090909091
E00175994,184,163,0.8858695652173914
E00175995,159,102,0.6415094339622641
E00175996,218,171,0.7844036697247706
E00175997,224,140,0.625
E00175998,186,133,0.7150537634408602
E00175999,358,250,0.6983240223463687
E00176000,250,122,0.488
E00176001,288,205,0.7118055555555556
E00176002,111,81,0.7297297297297297
E00176003,188,132,0.7021276595744681
E00176004,212,135,0.6367924528301887
E00176005,289,158,0.5467128027681661
E00176006,223,173,0.7757847533632287
E00176007,105,82,0.780952380952381
E00176008,143,112,0.7832167832167832
E00176009,203,90,0.4433497536945813
E00176010,217,131,0.6036866359447005
E00176011,224,196,0.875
E00176012,382,322,0.8429319371727748
E00176013,192,155,0.8072916666666666
E00176014,181,146,0.8066298342541437
E00176015,298,262,0.8791946308724832
E00176016,116,110,0.9482758620689655
E00176017,151,114,0.7549668874172185
E00176018,340,147,0.4323529411764706
E00176019,370,254,0.6864864864864865
E00176020,403,267,0.6625310173697271
E00176021,409,300,0.7334963325183375
E00176022,270,174,0.6444444444444445
E00176023,259,114,0.44015444015444016
E00176024,157,136,0.8662420382165605
E00176025,146,120,0.821917808219178
E00176026,204,147,0.7205882352941176
E00176027,988,815,0.8248987854251012
E00176028,165,90,0.5454545454545454
E00176029,229,184,0.8034934497816594
E00176030,1108,964,0.8700361010830325
E00176031,199,109,0.5477386934673367
E00176032,271,206,0.7601476014760148
E00176033,352,299,0.8494318181818182
E00176034,426,332,0.7793427230046949
E00176035,198,168,0.8484848484848485
E00176036,281,230,0.8185053380782918
E00176037,214,182,0.8504672897196262
E00176038,596,336,0.5637583892617449
E00176039,191,134,0.7015706806282722
E00176040,171,97,0.5672514619883041
E00176041,586,463,0.7901023890784983
E00176042,374,190,0.5080213903743316
E00176043,207,130,0.6280193236714976
E00176044,301,204,0.6777408637873754
E00176045,192,137,0.7135416666666666
E00176046,1178,788,0.6689303904923599
E00176047,152,63,0.4144736842105263
E00176048,183,128,0.6994535519125683
E00176049,315,229,0.726984126984127
E00176050,192,149,0.7760416666666666
E00176051,168,144,0.8571428571428571
E00176052,198,151,0.7626262626262627
E00176053,174,136,0.7816091954022989
E00176054,208,168,0.8076923076923077
E00176055,178,108,0.6067415730337079
E00176056,207,146,0.7053140096618358
E00176057,206,155,0.7524271844660194
E00176058,170,116,0.6823529411764706
E00176059,218,156,0.7155963302752294
E00176060,319,217,0.6802507836990596
E00176061,155,62,0.4
E00176062,200,147,0.735
E00176063,179,103,0.5754189944134078
E00176064,169,112,0.6627218934911243
E00176065,244,199,0.8155737704918032
E00176066,361,268,0.7423822714681441
E00176067,297,199,0.67003367003367
E00176068,227,95,0.4185022026431718
E00176069,197,156,0.7918781725888325
E00176070,485,357,0.7360824742268042
E00176071,255,161,0.6313725490196078
E00176072,285,142,0.4982456140350877
E00176073,287,183,0.6376306620209059
E00176074,235,177,0.7531914893617021
E00176075,162,85,0.5246913580246914
E00176076,227,183,0.8061674008810573
E00176077,282,205,0.7269503546099291
E00176078,300,230,0.7666666666666667
E00176079,289,235,0.8131487889273357
E00176080,217,174,0.8018433179723502
E00176081,122,67,0.5491803278688525
E00176082,966,713,0.7380952380952381
E00176083,386,307,0.7953367875647669
E00176084,176,153,0.8693181818181818
E00176085,115,102,0.8869565217391304
E00176086,163,142,0.8711656441717791
E00176087,197,159,0.8071065989847716
E00176088,297,229,0.7710437710437711
E00176089,158,129,0.8164556962025317
E00176090,284,174,0.6126760563380281
E00176091,618,358,0.5792880258899676
E00176092,226,181,0.8008849557522124
E00176093,295,180,0.6101694915254238
