OA,Pop,White,Mean_white,Variance_white
E00025604,337,180,0.5341246290801187,0.24957609156422084
E00025605,244,127,0.5204918032786885,0.2506071645415898
E00025607,306,168,0.5490196078431373,0.248408871745419
E00025608,416,149,0.3581730769230769,0.2304390639480984
E00025611,494,175,0.354251012145749,0.22922124315313142
E00025612,389,97,0.2493573264781491,0.1876606683804645
E00025613,224,98,0.4375,0.24719730941704035
E00025614,282,76,0.2695035460992908,0.19757199464930053
E00025615,367,168,0.45776566757493187,0.24889444767052188
E00025616,174,85,0.4885057471264368,0.25131220516909175
E00025617,484,165,0.3409090909090909,0.2251552795031071
E00025618,334,101,0.3023952095808383,0.21158583733434175
E00025619,300,111,0.37,0.23387959866220567
E00025620,379,212,0.5593667546174143,0.24712764026748074
E00025621,319,213,0.6677115987460815,0.2225705329153607
E00025622,252,98,0.3888888888888889,0.23860115095174808
E00025623,378,138,0.36507936507936506,0.23241126689402852
E00025624,335,276,0.8238805970149253,0.14553579408347492
E00025625,370,111,0.3,0.2105691056910594
E00025626,272,73,0.26838235294117646,0.19707781636639707
E00025627,329,226,0.6869300911854104,0.21571280302468734
E00025628,316,131,0.41455696202531644,0.24346996182439198
E00025629,309,100,0.32362459546925565,0.21960240406842413
E00025630,402,130,0.32338308457711445,0.2193521172193913
E00025631,348,119,0.34195402298850575,0.22566994600682583
E00025632,213,70,0.3286384976525822,0.22167596775622408
E00025633,529,257,0.48582230623818523,0.2502720971530039
E00025634,293,107,0.3651877133105802,0.232619570807423
E00025635,248,79,0.3185483870967742,0.21795415959252898
E00025636,588,302,0.5136054421768708,0.25024047097544067
E00025638,272,234,0.8602941176470589,0.1206316474929455
E00025639,204,186,0.9117647058823529,0.08084613155607069
E00025640,309,287,0.9288025889967637,0.06634304207119739
E00025641,340,318,0.9352941176470588,0.06069755335762627
E00025642,290,270,0.9310344827586207,0.06443145209402222
E00025643,481,348,0.7234927234927235,0.20046777546777603
E00025644,301,270,0.8970099667774086,0.09269102990033216
E00025645,224,206,0.9196428571428571,0.0742312620115311
E00025646,322,305,0.9472049689440993,0.05016350302819217
E00025647,369,314,0.8509485094850948,0.1271798044067398
E00025648,433,331,0.7644341801385681,0.18049140364382818
E00025649,251,229,0.9123505976095617,0.08028685258964144
E00025650,278,254,0.9136690647482014,0.07916266264966361
E00025651,324,286,0.8827160493827161,0.10384894698620172
E00025652,329,278,0.8449848024316109,0.13138483208540294
E00025653,303,281,0.9273927392739274,0.06755841147028607
E00025654,279,240,0.8602150537634409,0.12067765142724522
E00025655,343,314,0.9154518950437318,0.07762603788382524
E00025656,228,183,0.8026315789473685,0.15911198701599794
E00025657,199,176,0.8844221105527639,0.10273590173087656
E00025658,338,297,0.878698224852071,0.10690393833511844
E00025659,390,343,0.8794871794871795,0.10626194713598316
E00025660,281,235,0.8362989323843416,0.1373919674631417
E00025661,297,263,0.8855218855218855,0.10171535171535176
E00025662,308,266,0.8636363636363636,0.11815220610008872
E00025663,395,328,0.830379746835443,0.1412067082182101
E00025664,342,324,0.9473684210526315,0.050007717240314845
E00025665,424,357,0.84198113207547165,0.13336344172353776
E00025666,360,309,0.8583333333333333,0.12193593314763222
E00025667,289,198,0.6851211072664359,0.2164792387543251
E00025668,307,262,0.8534201954397395,0.12550296991760854
E00025669,268,247,0.9216417910447762,0.07248868019453297
E00025670,311,254,0.8167202572347267,0.1501711440721913
E00025671,256,220,0.859375,0.1213235294117647
E00025672,305,261,0.8557377049180328,0.12385677308024166
E00025673,329,287,0.8723404255319149,0.11170212765957446
E00025674,291,251,0.8625429553264605,0.11897144211399452
E00025675,262,221,0.8435114503816794,0.13250563013658573
E00025676,318,253,0.7955974842767296,0.16313513084538608
E00025677,256,220,0.859375,0.1213235294117647
E00025678,383,240,0.6266318537859008,0.23457684578896335
E00025680,298,271,0.9093959731543624,0.08267236119585109
E00025681,237,158,0.6666666666666666,0.2231638418079089
E00025682,320,155,0.484375,0.2505387931034483
E00025684,308,258,0.8376623376623377,0.1364270908244848
E00025685,283,258,0.911660777385159,0.08082099090293965
E00025687,313,220,0.7028753993610224,0.20951093634799733
E00025688,272,202,0.7426470588235294,0.19182765357065285
E00025689,299,236,0.7892976588628763,0.16686494130322507
E00025690,272,212,0.7794117647058824,0.17256349034078586
E00025691,344,302,0.877906976744186,0.10749881347887984
E00025692,323,286,0.8854489164086687,0.10174413014633767
E00025693,314,247,0.7866242038216561,0.168382816792495
E00025694,332,268,0.8072289156626506,0.15608051541513512
E00025695,224,203,0.90625,0.08534192825112108
E00025696,348,267,0.7672413793103449,0.17909669084765995
E00025697,378,291,0.7698412698412699,0.17765567765567808
E00025698,304,269,0.8848684210526315,0.10221252388396738
E00025699,350,317,0.9057142857142857,0.08564060581252556
E00025700,251,218,0.8685258964143426,0.11464541832669309
E00025701,335,281,0.8388059701492537,0.1356153364911966
E00025702,319,217,0.6802507836990596,0.218193647601586
E00025703,321,270,0.8411214953271028,0.13405373831775685
E00025704,285,244,0.856140350877193,0.12359772671114405
E00025705,292,245,0.839041095890411,0.13551522854587394
E00025706,229,202,0.8820960698689956,0.10445874511606523
E00025707,173,141,0.815028901734104,0.15163328404355433
E00025708,295,234,0.7932203389830509,0.16457973019716365
E00025709,321,248,0.7725856697819314,0.1762461059190031
E00025710,336,212,0.6309523809523809,0.23354655294953802
E00025711,262,196,0.7480916030534351,0.18917258927787997
E00025712,301,238,0.7906976744186046,0.16604651162790715
E00025713,258,164,0.6356589147286822,0.23249781316924545
E00025714,305,211,0.6918032786885245,0.21391285591026787
E00025715,189,164,0.8677248677248677,0.11538894517617923
E00025716,298,261,0.8758389261744967,0.10911124669513923
E00025717,303,242,0.7986798679867987,0.16132275479203562
E00025718,340,224,0.6588235294117647,0.2254381398577122
E00025719,403,294,0.7295285359801489,0.19780748861153344
E00025720,334,265,0.7934131736526946,0.16440092787398153
E00025721,349,186,0.5329512893982808,0.2496294832526426
E00025722,258,200,0.7751937984496124,0.17494646035049652
E00025723,259,177,0.6833976833976834,0.21720391487833376
E00025724,347,251,0.723342939481268,0.2006963069080967
E00025725,567,437,0.7707231040564374,0.17702120764547064
E00025726,370,318,0.8594594594594595,0.12111623818940878
E00025727,193,166,0.8601036269430051,0.12095207253886005
E00025728,394,301,0.7639593908629442,0.1807842833339796
E00025729,306,249,0.8137254901960784,0.15207328833172626
E00025730,329,284,0.8632218844984803,0.11842983171473065
E00025731,328,281,0.8567073170731707,0.12313530245394189
E00025732,380,308,0.8105263157894737,0.15397861408137742
E00025733,463,363,0.7840172786177105,0.16970070965751377
E00025734,396,339,0.8560606060606061,0.12353279631760637
E00025735,392,305,0.7780612244897959,0.17312359726499296
E00025736,501,427,0.8522954091816367,0.1261397205588822
E00025737,367,335,0.9128065395095368,0.07980822203362066
E00025738,352,295,0.8380681818181818,0.13609654234654237
E00025739,377,318,0.843501326259947,0.13235792087589607
E00025740,395,288,0.7291139240506329,0.19800809612542594
E00025741,394,342,0.868020304568528,0.11485255938311321
E00025742,361,306,0.8476454293628809,0.1295013850415512
E00025743,319,281,0.8808777429467085,0.10526212022633613
E00025744,341,277,0.8123167155425219,0.15290667586682727
E00025745,470,407,0.8659574468085106,0.11632264210860599
E00025746,233,178,0.7639484978540773,0.1811084800947167
E00025747,325,273,0.84,0.1348148148148146
E00025748,425,360,0.8470588235294118,0.12985571587125383
E00025749,321,287,0.8940809968847352,0.09499610591900304
E00025750,364,321,0.8818681318681318,0.10446371810008175
E00025751,304,237,0.7796052631578947,0.17238796248045818
E00025752,254,223,0.8779527559055118,0.10757523886589282
E00025753,335,282,0.8417910447761194,0.13357762087764774
E00025754,330,277,0.8393939393939394,0.1352215160725797
E00025756,234,200,0.8547008547008547,0.12472029639411629
E00025757,245,208,0.8489795918367347,0.1287387085981935
E00025758,341,283,0.8299120234604106,0.14157322753148183
E00025759,322,280,0.8695652173913043,0.11377488825680615
E00025760,352,269,0.7642045454545454,0.1807093369593374
E00025761,358,252,0.7039106145251397,0.20900427209990105
E00025762,245,191,0.7795918367346939,0.17253261960521896
E00025763,354,267,0.7542372881355932,0.1858885101070724
E00025764,341,275,0.8064516129032258,0.1565464895635673
E00025765,331,209,0.6314199395770392,0.2334340382678747
E00025766,310,240,0.7741935483870968,0.17538365173817694
E00025767,291,215,0.738831615120275,0.1936248370660033
E00025768,380,244,0.6421052631578947,0.23041244271628858
E00025769,292,280,0.958904109589041,0.03954243750882644
E00025771,266,191,0.7180451127819549,0.20322031493828843
E00025772,186,143,0.7688172043010753,0.17869805289160098
E00025773,368,255,0.6929347826086957,0.21335594123918952
E00025774,317,235,0.7413249211356467,0.1923691251048191
E00025775,250,153,0.612,0.23840963855421693
E00025776,330,241,0.7303030303030303,0.19755917841024181
E00025777,381,266,0.6981627296587927,0.21128608923884526
E00025778,358,233,0.6508379888268156,0.2278844498693336
E00025779,276,206,0.7463768115942029,0.18998682476943318
E00025780,144,127,0.8819444444444444,0.1048465423465423
E00025781,265,189,0.7132075471698113,0.20531732418524826
E00025782,260,214,0.823076923076923,0.1461835461835461
E00025786,312,239,0.7660256410256411,0.17980666171984497
E00025787,311,231,0.7427652733118971,0.19168136085468285
E00025788,429,263,0.6130536130536131,0.23777313029649358
E00025790,317,264,0.832807570977918,0.13967975082857487
E00025791,308,198,0.6428571428571429,0.23033969288040906
E00025793,323,229,0.7089783281733746,0.20696882872141958
E00025794,327,273,0.8348623853211009,0.1382900883660721
E00025795,333,292,0.8768768768768769,0.1082890119034697
E00025796,354,264,0.7457627118644068,0.19013780189177493
E00025797,315,285,0.9047619047619048,0.08644222020018195
E00025798,339,312,0.9203539823008849,0.07351940095302927
E00025799,428,313,0.7313084112149533,0.19695659786819592
E00025800,374,265,0.7085561497326203,0.20705796332669124
E00025801,375,300,0.8,0.1604278074866309
E00025802,263,259,0.9847908745247148,0.015034975183583432
E00025803,256,228,0.890625,0.09779411764705882
E00025804,186,170,0.9139784946236559,0.07904678872420809
E00025805,181,173,0.9558011049723757,0.04248004910988335
E00025806,252,231,0.9166666666666666,0.0766932270916335
E00025807,318,302,0.949685534591195,0.04793365474277325
E00025808,261,253,0.9693486590038314,0.029826112584733267
E00025809,372,319,0.8575268817204301,0.12250384024577564
E00025810,238,228,0.957983193277311,0.040421231783852776
E00025811,322,271,0.8416149068322981,0.133714517907935
E00025812,249,245,0.9839357429718876,0.01586993133825625
E00025813,355,301,0.847887323943662,0.12933874433038897
E00025814,326,301,0.9233128834355828,0.07102406795658325
E00025815,236,221,0.9364406779661016,0.059772809231878866
E00025816,310,259,0.8354838709677419,0.13789539617914184
E00025817,316,293,0.9272151898734177,0.06770142656218611
E00025818,306,281,0.9183006535947712,0.07527054537662063
E00025819,380,331,0.8710526315789474,0.11261630329120939
E00025820,325,286,0.88,0.10592592592592599
E00025821,308,211,0.685064935064935,0.21645374169804146
E00025822,341,234,0.6862170087976539,0.21595652923926198
E00025823,347,240,0.69164265129683,0.21388949042994473
E00025825,305,278,0.9114754098360656,0.08095340811044004
E00025826,286,266,0.9300699300699301,0.06526806526806526
E00025827,267,256,0.9588014981273408,0.03964968601278475
E00025828,296,276,0.9324324324324325,0.06321575813101235
E00025829,191,176,0.9214659685863874,0.07274731330945165
E00025830,311,255,0.819935691318328,0.14811741520589125
E00025832,488,292,0.5983606557377049,0.2408186622681523
E00025833,316,181,0.5727848101265823,0.24547920433996429
E00025834,386,215,0.5569948186528497,0.24739250386918693
E00025835,447,311,0.6957494407158836,0.21215678012861
E00025836,448,278,0.6205357142857143,0.23599792265899636
E00025837,509,266,0.5225933202357563,0.24998066302616032
E00025838,352,240,0.6818181818181818,0.21756021756021682
E00025840,233,187,0.8025751072961373,0.15913127127423415
E00025841,332,234,0.7048192771084337,0.2086776107450951
E00025842,318,149,0.46855345911949686,0.24979663908894198
E00025843,447,265,0.5928411633109619,0.2419217303197189
E00025844,345,236,0.6840579710144927,0.2167509268621504
E00025845,355,233,0.6563380281690141,0.22619559162886926
E00025846,303,180,0.594059405940594,0.24195134745262523
E00025850,273,215,0.7875457875457875,0.1679325576384399
E00025851,322,232,0.7204968944099379,0.20200847506820643
E00025852,292,236,0.8082191780821918,0.155533587534717
E00025853,329,297,0.9027355623100304,0.0880717621765883
E00025855,263,220,0.8365019011406845,0.137288479958204
E00025856,291,249,0.8556701030927835,0.12392463562033411
E00025857,612,334,0.545751633986928,0.24831252741140303
E00025858,339,254,0.7492625368731564,0.1884240107521245
E00025859,381,218,0.5721784776902887,0.24543445227241298
E00025862,280,247,0.8821428571428571,0.10433947772657456
E00025863,202,174,0.8613861386138614,0.11999408896113496
E00025864,297,265,0.8922558922558923,0.09646009646009648
E00025865,309,277,0.8964401294498382,0.09313663682595724
E00025866,260,250,0.9615384615384616,0.03712503712503714
E00025867,256,231,0.90234375,0.08846507352941177
E00025868,266,231,0.868421052631579,0.1146971201588877
E00025869,349,316,0.9054441260744985,0.08586108092085756
E00025870,295,251,0.8508474576271187,0.12733771474691583
E00025871,254,231,0.9094488188976378,0.08267716535433071
E00025872,165,133,0.806060606060606,0.15728011825572802
E00025873,321,276,0.8598130841121495,0.12091121495327102
E00025875,290,237,0.8172413793103448,0.14987471662092824
E00025876,266,247,0.9285714285714286,0.06657681940700805
E00025877,303,280,0.9240924092409241,0.07037789871702399
E00025878,218,201,0.9220183486238532,0.07223185219633872
E00025879,306,268,0.8758169934640523,0.10911818279224272
E00025880,288,257,0.8923611111111112,0.09638743708865657
E00025882,281,255,0.9074733096085409,0.08426537874936452
E00025883,162,140,0.8641975308641975,0.11808910359635004
E00025884,325,274,0.8430769230769231,0.1327065527065527
E00025885,288,266,0.9236111111111112,0.07079945799457997
E00025886,304,271,0.8914473684210527,0.097088327253778
E00025887,283,237,0.8374558303886925,0.13660627020524777
E00025888,314,280,0.89171974522293,0.09686412567916812
E00025889,318,262,0.8238993710691824,0.14554689205007632
E00025890,308,237,0.7694805194805194,0.17795803544989208
E00025891,329,293,0.8905775075987842,0.09774631180962269
E00025892,246,225,0.9146341463414634,0.07839721254355399
E00025893,224,202,0.9017857142857143,0.08896540679051895
E00025894,319,236,0.7398119122257053,0.1930955619960172
E00025895,345,269,0.7797101449275362,0.17226154364678167
E00025896,454,332,0.7312775330396476,0.19694450117182474
E00025897,296,239,0.8074324324324325,0.15601236830050377
E00025898,277,235,0.8483754512635379,0.12910061214879934
E00025899,291,255,0.8762886597938144,0.10878066121578389
E00025900,307,265,0.8631921824104235,0.11847735837005802
E00025901,314,264,0.8407643312101911,0.1343074011517876
E00025902,324,173,0.5339506172839507,0.24961778083553163
E00025903,251,172,0.6852589641434262,0.216541832669323
E00025904,377,246,0.6525198938992043,0.22734070771488227
E00025905,360,242,0.6722222222222223,0.2209532652429586
E00025906,306,229,0.7483660130718954,0.18893174756241285
E00025907,366,250,0.6830601092896175,0.21708211692491866
E00025908,409,225,0.5501222493887531,0.24809434776355346
E00025909,371,243,0.6549865229110512,0.22658993225030896
E00025910,269,176,0.654275092936803,0.22704322254896536
E00025911,348,205,0.5890804597701149,0.24276226440094104
E00025912,309,213,0.6893203883495146,0.21485310805699123
E00025913,376,226,0.601063829787234,0.24042553191489288
E00025914,401,230,0.57356608478803,0.24519950124688183
E00025915,324,235,0.7253086419753086,0.19985284562167965
E00025916,325,235,0.7230769230769231,0.20085470085470095
E00025917,337,209,0.6201780415430267,0.23625830154020078
E00025918,279,235,0.8422939068100358,0.13331270467496956
E00025919,332,208,0.6265060240963856,0.23470316310559522
E00025920,303,233,0.768976897689769,0.17823967827246323
E00025921,306,232,0.7581699346405228,0.18394942676524184
E00025922,316,220,0.6962025316455697,0.21217600964436373
E00025923,386,259,0.6709844559585493,0.22133772962788476
E00025924,362,281,0.7762430939226519,0.17417088811006914
E00025925,493,366,0.742393509127789,0.19163409686835242
E00025926,339,251,0.7404129793510325,0.19277024314464702
E00025927,346,270,0.7803468208092486,0.17190248806232716
E00025928,362,292,0.8066298342541437,0.15641021716839348
E00025929,424,213,0.5023584905660378,0.25058544092064905
E00025930,344,156,0.45348837209302323,0.24855922435419142
E00025931,435,176,0.4045977011494253,0.2414534668149806
E00025932,402,274,0.681592039800995,0.21756553888909552
E00025933,302,291,0.9635761589403974,0.035213746672240434
E00025934,377,227,0.6021220159151194,0.24020825102996873
E00025935,426,173,0.4061032863849765,0.24175089754211349
E00025936,310,221,0.7129032258064516,0.20533458607370325
E00025937,436,191,0.4380733944954128,0.24673099230201453
E00025938,320,243,0.759375,0.18329741379310358
E00025939,310,220,0.7096774193548387,0.20670216097713756
E00025940,291,183,0.6288659793814433,0.2341983647351581
E00025941,330,222,0.6727272727272727,0.22083448466427139
E00025942,338,221,0.6538461538461539,0.22700296735905032
E00025943,333,251,0.7537537537537538,0.18616809580665009
E00025944,274,200,0.7299270072992701,0.19785567230822723
E00025945,298,255,0.8557046979865772,0.12388990576910053
E00025948,266,181,0.6804511278195489,0.21825790892325198
E00025949,244,172,0.7049180327868853,0.208864602307225
E00025950,164,125,0.7621951219512195,0.1823657040251387
E00025951,177,144,0.8135593220338984,0.1525423728813559
E00025952,170,127,0.7470588235294118,0.1900800556909156
E00025953,215,139,0.6465116279069767,0.22960226037817813
E00025954,242,154,0.6363636363636364,0.23236514522821475
E00025955,275,204,0.7418181818181818,0.19222295952222962
E00025957,179,139,0.776536312849162,0.17450254221329495
E00025958,183,73,0.3989071038251366,0.24109770011409387
E00025959,217,197,0.9078341013824884,0.08405871309097118
E00025961,169,106,0.6272189349112426,0.2352071005917163
E00025962,253,180,0.7114624505928854,0.20609824957651096
E00025963,246,167,0.6788617886178862,0.21889829102372646
E00025964,255,185,0.7254901960784313,0.19993824301374083
E00025968,265,192,0.7245283018867924,0.20034305317324244
E00025969,253,198,0.782608695652174,0.1708074534161491
E00025970,241,170,0.7053941908713693,0.20867911479944637
E00025976,185,155,0.8378378378378378,0.13660399529964753
E00025987,321,198,0.616822429906542,0.2370911214953281
E00025988,255,102,0.4,0.24094488188976157
E00025989,145,118,0.8137931034482758,0.1525862068965516
E00025993,189,145,0.7671957671957672,0.17955645615220078
E00025994,111,75,0.6756756756756757,0.22113022113022088
E00025995,283,186,0.657243816254417,0.22607322757687423
E00025996,322,277,0.860248447204969,0.12059557671097694
E00025997,285,249,0.8736842105263158,0.1107487027427726
E00025998,380,327,0.8605263157894737,0.12033745313150933
E00026000,329,250,0.7598784194528876,0.18301949736822573
E00026001,381,362,0.9501312335958005,0.04750656167979003
E00026002,267,225,0.8426966292134831,0.13305736250739206
E00026003,300,233,0.7766666666666666,0.1740356744704569
E00026004,272,241,0.8860294117647058,0.10135391795094424
E00026005,269,244,0.9070631970260223,0.08461410420018863
E00026006,286,245,0.8566433566433567,0.12323641271009698
E00026007,436,347,0.7958715596330275,0.16283349151112547
E00026008,299,256,0.8561872909698997,0.12354380373055598
E00026009,300,249,0.83,0.141571906354515
E00026010,220,177,0.8045454545454546,0.15797011207970119
E00026011,272,244,0.8970588235294118,0.09268504449750384
E00026012,241,219,0.9087136929460581,0.08329875518672192
E00026014,403,311,0.771712158808933,0.17661074281199518
E00026015,245,233,0.9510204081632653,0.04677149548343928
E00026017,338,306,0.9053254437869822,0.08596562077502504
E00026018,332,315,0.9487951807228916,0.048729661849816155
E00026019,193,162,0.8393782383419689,0.13552461139896377
E00026020,324,304,0.9382716049382716,0.05809731299927379
E00026021,228,167,0.7324561403508771,0.19682742097534522
E00026022,339,320,0.943952802359882,0.05306243563561467
E00026023,245,210,0.8571428571428571,0.12295081967213105
E00026024,265,243,0.9169811320754717,0.07641509433962267
E00026025,315,292,0.926984126984127,0.06790011121221308
E00026026,217,185,0.8525345622119815,0.1263014166239973
E00026027,396,361,0.9116161616161617,0.0807761155862422
E00026028,356,288,0.8089887640449438,0.15496122804241172
E00026030,372,299,0.803763440860215,0.15815291423934183
E00026031,327,282,0.8623853211009175,0.11904091855687522
E00026032,294,278,0.9455782312925171,0.05163567133337974
E00026033,293,238,0.8122866894197952,0.15299920519893415
E00026034,307,208,0.6775244299674267,0.2191990802835787
E00026035,364,292,0.8021978021978022,0.15911361365906826
E00026036,530,161,0.30377358490566037,0.21189499589827634
E00026038,485,70,0.14432989690721648,0.12375394052994931
E00026039,364,89,0.2445054945054945,0.18523143523143493
E00026040,363,136,0.3746556473829201,0.2349359998782384
E00026041,287,163,0.5679442508710801,0.24624156331473251
E00026042,563,99,0.17584369449378331,0.14518055915501568
E00026043,512,162,0.31640625,0.2167166095890411
E00026045,445,108,0.24269662921348314,0.18420892802915073
E00026046,542,66,0.12177121771217712,0.10714066475230337
E00026047,403,141,0.34987593052109184,0.22802859153364327
E00026048,427,159,0.37236533957845436,0.2342580070587422
E00026049,461,49,0.10629067245119306,0.09519947184758949
E00026052,400,147,0.3675,0.23302631578947597
E00026053,355,150,0.4225352112676056,0.24468846980186032
E00026054,474,169,0.35654008438818563,0.22990428274502062
E00026055,187,145,0.7754010695187166,0.1750905640848712
E00026056,478,80,0.16736401673640167,0.13964544792681016
E00026057,490,201,0.41020408163265304,0.24243145110805184
E00026058,497,45,0.09054325955734406,0.08251119620951554
E00026059,332,249,0.75,0.18806646525679757
E00026060,423,233,0.5508274231678487,0.2480028682509287
E00026065,399,42,0.10526315789473684,0.09441946574980391
E00026066,387,25,0.06459948320413436,0.060582935025640466
E00026067,415,118,0.28433734939759037,0.20398114195913655
E00026068,321,92,0.2866043613707165,0.20510124610591923
E00026069,472,52,0.11016949152542373,0.09824031091438927
E00026070,452,45,0.09955752212389381,0.08984459313619443
E00026071,336,116,0.34523809523809523,0.22672352523098888
E00026072,513,46,0.08966861598440545,0.08178758528264803
E00026073,394,104,0.2639593908629442,0.19477919427545543
E00026075,311,257,0.8263665594855305,0.14394772326522137
E00026076,286,242,0.8461538461538461,0.13063427800269906
E00026077,298,227,0.761744966442953,0.1821006485436015
E00026078,320,255,0.796875,0.16237264890282133
E00026079,290,265,0.9137931034482759,0.07904784631905501
E00026080,240,233,0.9708333333333333,0.02843444909344491
E00026081,260,221,0.85,0.12799227799227797
E00026082,253,232,0.9169960474308301,0.0764163372859025
E00026083,248,237,0.9556451612903226,0.04255909625179574
E00026084,265,244,0.9207547169811321,0.07324185248713548
E00026085,213,197,0.9248826291079812,0.06980246257418724
E00026086,255,236,0.9254901960784314,0.06922958159641811
E00026087,380,303,0.7973684210526316,0.16199833356478266
E00026088,304,277,0.9111842105263158,0.08119463262115684
E00026089,299,265,0.8862876254180602,0.10112006464501341
E00026090,333,263,0.7897897897897898,0.16652194363037756
E00026091,399,362,0.9072681704260651,0.08434402589388053
E00026092,203,184,0.9064039408866995,0.08525581622201628
E00026093,327,294,0.8990825688073395,0.09101142567681664
E00026094,311,293,0.9421221864951769,0.05470386889326834
E00026095,308,203,0.6590909090909091,0.2254219721646423
E00026096,287,205,0.7142857142857143,0.20479520479520422
E00026097,356,272,0.7640449438202247,0.18078809938281387
E00026098,319,291,0.9122257053291536,0.08032176021766127
E00026099,263,189,0.7186311787072244,0.2029721649783768
E00026100,381,319,0.8372703412073491,0.13660726619698882
E00026101,266,234,0.8796992481203008,0.1062278337352816
E00026102,320,289,0.903125,0.08776449843260183
E00026103,255,223,0.8745098039215686,0.11017446348618197
E00026104,258,200,0.7751937984496124,0.17494646035049652
E00026105,286,233,0.8146853146853147,0.1515028830818305
E00026106,278,249,0.89568345323741,0.0937719138768407
E00026107,306,284,0.9281045751633987,0.06694524804457301
E00026108,179,155,0.8659217877094972,0.11675349946644901
E00026109,352,315,0.8948863636363636,0.09433275058275062
E00026110,260,198,0.7615384615384615,0.18229878229878196
E00026111,246,206,0.8373983739837398,0.1367181018748962
E00026112,344,314,0.9127906976744186,0.07983592107939529
E00026113,369,312,0.8455284552845529,0.13096500530222716
E00026114,373,341,0.9142091152815014,0.07864164432529054
E00026115,300,250,0.8333333333333334,0.1393534002229652
E00026116,173,155,0.8959537572254336,0.093762602500336
E00026117,242,220,0.9090909090909091,0.08298755186721989
E00026118,287,240,0.8362369337979094,0.1374235520576983
E00026119,279,231,0.8279569892473119,0.14295660245996752
E00026120,318,295,0.9276729559748428,0.06730750153760691
E00026121,380,334,0.8789473684210526,0.10667962782946823
E00026122,269,211,0.7843866171003717,0.16975531265605054
E00026123,314,266,0.8471337579617835,0.12991188620500196
E00026124,321,294,0.9158878504672897,0.07727803738317758
E00026125,346,327,0.9450867052023122,0.05204825332998244
E00026126,307,283,0.9218241042345277,0.07229992974388448
E00026127,309,249,0.8058252427184466,0.1569789433867102
E00026128,422,213,0.504739336492891,0.25057130956535445
E00026129,362,200,0.5524861878453039,0.24793008983639628
E00026130,364,81,0.22252747252747251,0.17348560530378482
E00026131,324,229,0.7067901234567902,0.20787944807552663
E00026132,389,269,0.6915167095115681,0.21387114727161877
E00026133,275,211,0.7672727272727272,0.17921698739216943
E00026134,292,185,0.6335616438356164,0.2329590924069106
E00026136,442,335,0.7579185520361991,0.18389407044869277
E00026137,463,236,0.509719222462203,0.25044645778987173
E00026138,117,100,0.8547008547008547,0.1252578838785735
E00026139,333,146,0.43843843843843844,0.24695177104815874
E00026140,334,252,0.7544910179640718,0.18579058100016166
E00026141,254,152,0.5984251968503937,0.24126233232703714
E00026142,211,129,0.6113744075829384,0.23872714962762365
E00026143,315,224,0.7111111111111111,0.20608634111818852
E00026144,344,194,0.563953488372093,0.24662688995864074
E00026145,236,146,0.6186440677966102,0.23692751532636158
E00026146,299,192,0.6421404682274248,0.23056721510179362
E00026147,504,239,0.4742063492063492,0.2498303827826701
E00026148,277,134,0.48375451263537905,0.2506409250248513
E00026149,322,203,0.6304347826086957,0.2337125829608568
E00026150,336,178,0.5297619047619048,0.24985785358919543
E00026151,385,248,0.6441558441558441,0.22981601731601808
E00026152,321,175,0.5451713395638629,0.2487344236760113
E00026153,363,159,0.4380165289256198,0.24683804392493622
E00026154,303,185,0.6105610561056105,0.23856359145848366
E00026155,393,225,0.5725190839694656,0.2453653217012003
E00026156,176,127,0.7215909090909091,0.2020454545454548
E00026157,301,154,0.5116279069767442,0.25069767441860574
E00026158,425,153,0.36,0.23094339622641258
E00026159,425,165,0.38823529411764707,0.23806881243063252
E00026160,383,101,0.26370757180156656,0.19467417604199636
E00026161,368,139,0.37771739130434784,0.23568741855230177
E00026162,391,91,0.23273657289002558,0.1790281329923262
E00026163,398,89,0.2236180904522613,0.17405035251825968
E00026164,502,144,0.2868525896414343,0.20497650118090316
E00026165,418,103,0.24641148325358853,0.18613817080307285
E00026166,214,149,0.6962616822429907,0.2124742222807246
E00026167,486,95,0.19547325102880658,0.1575877137160073
E00026168,346,219,0.6329479768786127,0.23299824076401127
E00026169,237,188,0.7932489451476793,0.16469999284845885
E00026170,335,299,0.8925373134328358,0.09620162659755117
E00026171,324,280,0.8641975308641975,0.11772350265642337
E00026172,320,282,0.88125,0.10497648902821329
E00026173,340,178,0.5235294117647059,0.2501821967725143
E00026174,188,164,0.8723404255319149,0.11195812948003192
E00026175,227,175,0.7709251101321586,0.17738099879147037
E00026176,268,199,0.7425373134328358,0.19189166526916002
E00026177,310,260,0.8387096774193549,0.13571354003549435
E00026178,327,281,0.8593272171253823,0.12125476069867346
E00026179,312,274,0.8782051282051282,0.10730480666171979
E00026180,222,203,0.9144144144144144,0.0786148139089315
E00026181,330,282,0.8545454545454545,0.12467532467532466
E00026182,282,237,0.8404255319148937,0.13458771863405755
E00026183,406,315,0.7758620689655172,0.1743295019157091
E00026184,240,224,0.9333333333333333,0.06248256624825662
E00026185,356,299,0.8398876404494382,0.13485519860737455
E00026186,326,290,0.8895705521472392,0.09853704577630973
E00026187,354,303,0.8559322033898306,0.12366159312430983
E00026188,344,292,0.8488372093023255,0.12868669062309288
E00026189,326,301,0.9233128834355828,0.07102406795658325
E00026190,294,243,0.826530612244898,0.14386710315525522
E00026191,251,204,0.8127490039840638,0.15279681274900378
E00026192,332,296,0.891566265060241,0.09696793215156693
E00026193,256,227,0.88671875,0.10084252450980392
E00026194,328,309,0.9420731707317073,0.05473819646453343
E00026195,238,212,0.8907563025210085,0.09772010069850728
E00026196,239,216,0.9037656903765691,0.08733870117084487
E00026197,254,214,0.84251968503937,0.13320469328685688
E00026198,379,352,0.9287598944591029,0.06633999246136452
E00026199,368,311,0.845108695652174,0.13125666390238097
E00026200,298,265,0.889261744966443,0.09880686055182702
E00026201,272,238,0.875,0.10977859778597786
E00026202,372,268,0.7204301075268817,0.2019534533228989
E00026203,292,267,0.9143835616438356,0.07855528880101673
E00026204,353,310,0.8781869688385269,0.10727852176152447
E00026205,328,232,0.7073170731707317,0.20765271872902216
E00026206,320,300,0.9375,0.05877742946708464
E00026207,335,286,0.8537313432835821,0.12524801143980696
E00026208,469,336,0.7164179104477612,0.2035973976272473
E00026209,355,280,0.7887323943661971,0.16710432084029558
E00026210,256,192,0.75,0.18823529411764706
E00026211,324,245,0.7561728395061729,0.18494629820739142
E00026212,362,228,0.6298342541436464,0.2337888921198016
E00026213,313,179,0.5718849840255591,0.24561726878020765
E00026214,227,145,0.6387665198237885,0.23176484347588747
E00026215,307,235,0.7654723127035831,0.18011113240084278
E00026216,326,221,0.6779141104294478,0.2190184049079756
E00026217,282,193,0.6843971631205674,0.2167663612730631
E00026218,336,164,0.4880952380952381,0.2506041222459145
E00026219,286,141,0.493006993006993,0.25082811924917126
E00026220,325,181,0.556923076923077,0.24752136752136641
E00026221,307,166,0.5407166123778502,0.2491537331544995
E00026222,467,247,0.5289079229122056,0.249699019400615
E00026223,449,228,0.5077951002227171,0.2504971364937923
E00026224,547,231,0.42230347349177333,0.24441006890732325
E00026225,581,273,0.46987951807228917,0.2495222268383885
E00026226,422,333,0.7890995260663507,0.166816764417827
E00026227,233,130,0.5579399141630901,0.24770608258102744
E00026228,431,257,0.5962877030162413,0.24128851238331506
E00026230,429,217,0.5058275058275058,0.25055007297997967
E00026231,283,130,0.45936395759717313,0.24922938124952987
E00026232,202,161,0.7970297029702971,0.16257819811831928
E00026233,380,261,0.6868421052631579,0.21565754756283914
E00026234,368,219,0.595108695652174,0.241610887335623
E00026235,614,192,0.3127035830618892,0.21527065587621041
E00026236,220,125,0.5681818181818182,0.24647156496471517
E00026237,270,149,0.5518518518518518,0.2482307586396805
E00026238,445,140,0.3146067415730337,0.21611499139588902
E00026239,550,290,0.5272727272727272,0.24971021692333173
E00026241,456,232,0.5087719298245614,0.25047233468285923
E00026242,392,230,0.5867346938775511,0.2430972388955578
E00026243,430,147,0.34186046511627904,0.2255163441209984
E00026244,243,135,0.5555555555555556,0.2479338842975199
E00026245,483,265,0.5486542443064182,0.24814652543319543
E00026246,428,225,0.5257009345794392,0.24992339512792985
E00026247,343,200,0.5830903790087464,0.2438067959013168
E00026248,509,304,0.5972495088408645,0.24101604195349763
E00026250,295,177,0.6,0.24081632653061208
E00026251,575,515,0.8956521739130435,0.09362217845780954
E00026252,570,304,0.5333333333333333,0.2493263034563554
E00026253,541,464,0.8576709796672828,0.1222975285821869
E00026254,260,163,0.6269230769230769,0.23479358479358461
E00026255,320,209,0.653125,0.22726293103448178
E00026256,403,253,0.6277915632754343,0.23425058331172838
E00026257,295,239,0.8101694915254237,0.15431799838579496
E00026258,241,200,0.8298755186721992,0.1417704011065006
E00026259,250,187,0.748,0.1892530120481925
E00026260,268,231,0.8619402985074627,0.11944491028006045
E00026261,300,217,0.7233333333333334,0.2007915273132658
E00026262,221,155,0.7013574660633484,0.21040723981900422
E00026263,344,255,0.7412790697674418,0.19234354871516682
E00026264,267,225,0.8426966292134831,0.13305736250739206
E00026265,262,199,0.7595419847328244,0.18333772045275096
E00026266,332,222,0.6686746987951807,0.2222181778473408
E00026267,310,264,0.8516129032258064,0.12677732539931086
E00026268,334,216,0.6467065868263473,0.22916329503155863
E00026269,395,246,0.6227848101265823,0.2355201439311189
E00026270,394,231,0.5862944162436549,0.243170457627774
E00026272,293,255,0.8703071672354948,0.1132591519005097
E00026273,290,251,0.8655172413793103,0.11679990454599695
E00026274,408,319,0.7818627450980392,0.17097244303126652
E00026275,407,340,0.8353808353808354,0.13785841372048263
E00026276,356,227,0.6376404494382022,0.23170596613388253
E00026277,312,261,0.8365384615384616,0.13718154835518173
E00026278,281,225,0.800711743772242,0.16014234875444827
E00026279,258,207,0.8023255813953488,0.15921636051036145
E00026280,137,93,0.6788321167883211,0.21962215543151606
E00026281,249,189,0.7590361445783133,0.1836377769141079
E00026282,379,286,0.7546174142480211,0.18565984001340138
E00026283,422,343,0.8127962085308057,0.15251995361979456
E00026284,340,231,0.6794117647058824,0.218453930244664
E00026285,267,225,0.8426966292134831,0.13305736250739206
E00026286,259,178,0.6872586872586872,0.21576726227888976
E00026287,335,251,0.7492537313432835,0.18843507015819133
E00026288,397,331,0.8337531486146096,0.13895885810243497
E00026289,308,247,0.801948051948052,0.15934472693430335
E00026290,252,216,0.8571428571428571,0.12293682413204315
E00026291,366,278,0.7595628415300546,0.1831274796017661
E00026292,307,286,0.9315960912052117,0.06393306508271059
E00026293,281,239,0.8505338078291815,0.12758007117437722
E00026294,378,250,0.6613756613756614,0.22455194868988082
E00026295,285,223,0.7824561403508772,0.17081788979491008
E00026296,282,184,0.6524822695035462,0.22755609399055976
E00026297,245,211,0.8612244897959184,0.12000669120107056
E00026298,376,301,0.800531914893617,0.16010638297872357
E00026299,313,233,0.744408945686901,0.1908740886376664
E00026300,277,209,0.7545126353790613,0.1858944174122328
E00026301,384,170,0.4427083333333333,0.2473618363794584
E00026302,388,227,0.5850515463917526,0.2433935373877849
E00026303,420,280,0.6666666666666666,0.2227525855210812
E00026304,353,249,0.7053824362606232,0.20840844707700332
E00026305,372,273,0.7338709677419355,0.195830797321972
E00026306,409,287,0.7017114914425427,0.2098254949901727
E00026307,434,197,0.4539170506912442,0.2484488245122943
E00026308,440,167,0.3795454545454545,0.23602712776972126
E00026309,290,218,0.7517241379310344,0.187280754086625
E00026310,472,162,0.3432203389830508,0.22589873691028775
E00026312,445,160,0.3595505617977528,0.2307925903431555
E00026313,300,154,0.5133333333333333,0.2506577480490538
E00026314,446,211,0.4730941704035874,0.24983624729178117
E00026315,587,251,0.42759795570698467,0.24517561965451826
E00026316,425,126,0.2964705882352941,0.20906770255271714
E00026317,348,221,0.6350574712643678,0.2324273742091491
E00026318,207,143,0.6908212560386473,0.21462407954598692
E00026319,320,204,0.6375,0.23181818181818317
E00026320,313,213,0.6805111821086262,0.21811255836814944
E00026321,313,207,0.6613418530351438,0.2246866551978369
E00026322,280,206,0.7357142857142858,0.1951356886840756
E00026323,432,184,0.42592592592592593,0.24508034716851226
E00026324,289,218,0.754325259515571,0.18596212995001946
E00026325,397,206,0.5188916876574308,0.25027351601659054
E00026326,321,226,0.7040498442367601,0.2090147975077886
E00026327,267,225,0.8426966292134831,0.13305736250739206
E00026328,401,229,0.571072319201995,0.24556109725685935
E00026329,388,259,0.6675257731958762,0.2225085910652925
E00026330,299,106,0.35451505016722407,0.229602029135148
E00026331,346,241,0.6965317919075145,0.21198793666750404
E00026332,371,230,0.6199460916442049,0.23624972681576492
E00026333,346,207,0.5982658959537572,0.24104046242774602
E00026334,498,370,0.7429718875502008,0.1913488965924054
E00026335,343,234,0.6822157434402333,0.21743133343563015
E00026336,283,166,0.5865724381625441,0.24336516051424675
E00026337,166,111,0.6686746987951807,0.22289156626505977
E00026338,457,113,0.24726477024070023,0.1865330722868469
E00026340,576,189,0.328125,0.22084239130434782
E00026341,472,125,0.2648305084745763,0.19510867609486077
E00026342,343,193,0.5626822157434402,0.2467904455015085
E00026343,348,200,0.5747126436781609,0.24512239557454674
E00026344,430,335,0.7790697674418605,0.1725212771724397
E00026345,378,269,0.7116402116402116,0.20575274023549972
E00026346,317,205,0.6466876971608833,0.22920576608233761
E00026348,409,216,0.5281173594132029,0.24982022148712882
E00026349,385,261,0.6779220779220779,0.21891233766233834
E00026350,301,252,0.8372093023255814,0.13674418604651165
E00026351,251,202,0.8047808764940239,0.15773705179282854
E00026352,295,205,0.6949152542372882,0.21272915946039414
E00026353,405,346,0.854320987654321,0.12476469869209149
E00026354,292,217,0.7431506849315068,0.19153368168337767
E00026355,407,302,0.742014742014742,0.191900364314157
E00026356,261,227,0.8697318007662835,0.11373415856174465
E00026357,280,207,0.7392857142857143,0.1934331797235028
E00026358,251,193,0.7689243027888446,0.17839043824701195
E00026359,461,312,0.6767895878524945,0.2192209751956982
E00026360,252,209,0.8293650793650794,0.1420824637956114
E00026361,342,238,0.695906432748538,0.2122412580816658
E00026362,377,228,0.6047745358090185,0.23965799424346818
E00026363,315,242,0.7682539682539683,0.1786068142756041
E00026364,237,176,0.7426160337552743,0.19194736465708376
E00026365,289,209,0.7231833910034602,0.20088427527873842
E00026366,347,275,0.792507204610951,0.16491479402308776
E00026367,269,181,0.6728624535315985,0.22093991011485326
E00026369,306,257,0.8398692810457516,0.13492981892210432
E00026371,415,282,0.6795180722891566,0.2182992840928929
E00026372,393,303,0.7709923664122137,0.17701355351300785
E00026373,287,232,0.8083623693379791,0.15545430179576517
E00026374,266,221,0.8308270676691729,0.1410838416796706
E00026375,440,307,0.6977272727272728,0.211384344584799
E00026376,302,267,0.8841059602649006,0.1028030186354537
E00026378,449,239,0.532293986636971,0.2495128062360776
E00026379,207,152,0.7342995169082126,0.19605084189296945
E00026381,213,94,0.4413145539906103,0.24771901851359918
E00026383,381,192,0.5039370078740157,0.25064235391628503
E00026384,252,93,0.36904761904761907,0.2337791690381314
E00026386,474,277,0.5843881856540084,0.2433921196064265
E00026387,260,112,0.4307692307692308,0.24615384615384678
E00026390,1433,705,0.4919748778785764,0.2501101334466534
E00026392,245,120,0.4897959183673469,0.25092004014720687
E00026393,179,120,0.6703910614525139,0.22220827317808028
E00026395,366,130,0.3551912568306011,0.22965790852608817
E00026396,123,69,0.5609756097560976,0.2483006797281087
E00026397,307,125,0.40716612377850164,0.2421707010708722
E00026398,276,67,0.2427536231884058,0.1844927536231892
E00026400,219,142,0.6484018264840182,0.22902266348288747
E00026401,325,148,0.4553846153846154,0.24877492877492993
E00026402,328,130,0.39634146341463417,0.23998657417767022
E00026403,310,72,0.23225806451612904,0.17889132477294098
E00026405,227,62,0.27312775330396477,0.19940743050953116
E00026406,213,102,0.4788732394366197,0.2507307998937013
E00026407,216,104,0.48148148148148145,0.25081826012058706
E00026408,178,69,0.38764044943820225,0.23871643496476797
E00026409,320,188,0.5875,0.2431034482758634
E00026410,275,187,0.68,0.2183941605839418
E00026411,431,233,0.5406032482598608,0.24892893757082007
E00026412,380,150,0.39473684210526316,0.23955006249132
E00026413,479,255,0.5323590814196242,0.24947371179497227
E00026414,283,155,0.5477031802120141,0.24860286194020617
E00026415,546,137,0.2509157509157509,0.18830191215512274
E00026416,439,233,0.530751708428246,0.24962294962606915
E00026417,450,318,0.7066666666666667,0.2077505567928736
E00026418,363,235,0.6473829201101928,0.22890887782901798
E00026419,349,183,0.5243553008595988,0.2501235055824505
E00026420,361,158,0.4376731301939058,0.24679901508156313
E00026421,310,172,0.5548387096774193,0.24779204509865269
E00026422,260,194,0.7461538461538462,0.19013959013959003
E00026423,364,237,0.6510989010989011,0.22779493234038775
E00026424,297,221,0.7441077441077442,0.19105469105469056
E00026425,205,123,0.6,0.24117647058823513
E00026426,464,222,0.47844827586206895,0.2500744768004759
E00026427,360,214,0.5944444444444444,0.24175177963478856
E00026428,311,209,0.6720257234726688,0.2211181412716521
E00026429,287,196,0.6829268292682927,0.21729490022173006
E00026430,346,175,0.5057803468208093,0.2506911284242274
E00026431,359,233,0.649025069637883,0.22842781780551144
E00026432,359,182,0.5069637883008357,0.25064969421577565
E00026433,393,151,0.3842239185750636,0.23719945993664765
E00026434,438,187,0.4269406392694064,0.24522219784124064
E00026435,361,190,0.5263157894736842,0.24999999999999772
E00026436,361,236,0.6537396121883656,0.22699292089873851
E00026437,484,290,0.5991735537190083,0.24066184145235647
E00026438,343,168,0.4897959183673469,0.25062656641603914
E00026439,270,190,0.7037037037037037,0.20927991188214312
E00026440,357,198,0.5546218487394958,0.24771032008308924
E00026441,375,144,0.384,0.2371764705882371
E00026442,326,171,0.5245398773006135,0.25016517225106305
E00026443,365,246,0.673972602739726,0.2203371970495254
E00026444,386,209,0.5414507772020726,0.24892672094744747
E00026445,385,191,0.4961038961038961,0.2506358225108238
E00026446,454,244,0.5374449339207048,0.24914665810893497
E00026447,397,248,0.6246851385390428,0.23504567081393188
E00026448,397,134,0.33753148614609574,0.2241686385263223
E00026449,387,187,0.48320413436692505,0.2503648364595453
E00026450,332,131,0.39457831325301207,0.23960797874276718
E00026451,301,193,0.6411960132890365,0.23083056478405345
E00026452,394,281,0.7131979695431472,0.20506710065744443
E00026453,361,292,0.8088642659279779,0.15503231763619538
E00026454,268,206,0.7686567164179104,0.17848957459891537
E00026455,343,262,0.7638483965014577,0.18091146232929237
E00026457,301,169,0.5614617940199336,0.2470431893687706
E00026458,321,271,0.8442367601246106,0.13191199376947035
E00026459,315,263,0.834920634920635,0.13826711151551924
E00026460,214,205,0.9579439252336449,0.04047650388311176
E00026461,473,253,0.5348837209302325,0.24931020890816255
E00026462,236,142,0.6016949152542372,0.24067796610169434
E00026463,480,280,0.5833333333333334,0.2435629784272776
E00026464,316,256,0.810126582278481,0.1543098251959011
E00026465,312,190,0.6089743589743589,0.23889026300601895
E00026466,422,285,0.6753554502369669,0.21977125102723227
E00026467,279,214,0.7670250896057348,0.1793403986488231
E00026468,284,263,0.926056338028169,0.06871796147912204
E00026469,292,279,0.9554794520547946,0.04268464906086712
E00026470,400,309,0.7725,0.1761842105263157
E00026471,268,204,0.7611940298507462,0.18245849404662084
E00026472,426,267,0.6267605633802817,0.23448218724109407
E00026473,204,131,0.6421568627450981,0.23092340384429688
E00026474,319,216,0.677115987460815,0.21931744247944598
E00026475,267,154,0.5767790262172284,0.24502266903213196
E00026476,343,262,0.7638483965014577,0.18091146232929237
E00026477,383,249,0.6501305483028721,0.2280562656350391
E00026478,249,187,0.751004016064257,0.18775100401606468
E00026479,221,167,0.755656108597285,0.18547922665569738
E00026480,325,313,0.963076923076923,0.03566951566951567
E00026481,300,287,0.9566666666666667,0.0415942028985507
E00026482,347,325,0.9365994236311239,0.059552564508337395
E00026483,290,284,0.9793103448275862,0.020331702660780333
E00026484,312,252,0.8076923076923077,0.15582488251298546
E00026485,310,293,0.9451612903225807,0.051999164839753614
E00026487,277,251,0.9061371841155235,0.08536074922827402
E00026488,265,229,0.8641509433962264,0.11783876500857628
E00026489,362,89,0.24585635359116023,0.18592461088749815
E00026490,274,123,0.4489051094890511,0.24829550012031743
E00026491,420,87,0.20714285714285716,0.16462666212069807
E00026492,316,109,0.3449367088607595,0.2266726943942125
E00026493,535,303,0.5663551401869159,0.24605691483776113
E00026494,513,124,0.24171539961013644,0.18364705165692427
E00026495,502,38,0.07569721115537849,0.07010679835548136
E00026496,540,46,0.08518518518518518,0.07807324950181993
E00026497,274,62,0.22627737226277372,0.17571722681211752
E00026498,447,105,0.2348993288590604,0.18012459746592013
E00026501,350,105,0.3,0.21060171919771023
E00026502,372,78,0.20967741935483872,0.1661594643943993
E00026503,409,99,0.24205378973105135,0.1839134186682035
E00026504,479,211,0.4405010438413361,0.24697548064744412
E00026505,353,165,0.46742209631728043,0.24964589235127346
E00026506,494,93,0.1882591093117409,0.153127591955389
E00026507,470,183,0.3893617021276596,0.23826611622737717
E00026508,384,103,0.2682291666666667,0.19679476718885905
E00026509,506,157,0.3102766798418972,0.21442883418776304
E00026510,439,242,0.55125284738041,0.24793792450671184
E00026511,428,97,0.2266355140186916,0.17568233053908186
E00026512,450,100,0.2222222222222222,0.17322444939371157
E00026513,530,112,0.21132075471698114,0.1669793487177702
E00026514,531,115,0.21657250470809794,0.16998898482748806
E00026515,421,37,0.08788598574821853,0.08035290125551356
E00026516,517,55,0.10638297872340426,0.09524987629886297
E00026517,489,103,0.21063394683026584,0.16660799892722047
E00026518,523,88,0.1682600382409178,0.14021669853410126
E00026519,597,65,0.10887772194304858,0.09718615448607441
E00026520,597,60,0.10050251256281408,0.09055343833260196
E00026521,486,80,0.1646090534979424,0.1377964447838449
E00026522,498,110,0.22088353413654618,0.17244026407440183
E00026523,528,33,0.0625,0.058704933586337764
E00026524,355,85,0.23943661971830985,0.18262115063260814
E00026525,412,124,0.30097087378640774,0.21089929841967411
E00026526,299,123,0.411371237458194,0.24295750937128435
E00026527,307,158,0.5146579804560261,0.25060143492793485
E00026528,305,209,0.6852459016393443,0.21639344262295043
E00026529,144,71,0.4930555555555556,0.2516996891996885
E00026530,400,249,0.6225,0.2355827067669177
E00026531,403,110,0.2729528535980149,0.19894324901546945
E00026532,304,184,0.6052631578947368,0.23970818134444996
E00026533,560,385,0.6875,0.21522808586762074
E00026534,370,220,0.5945945945945946,0.2417051197538999
E00026535,511,95,0.18590998043052837,0.15164421933157163
E00026536,452,140,0.30973451327433627,0.2142731000922255
E00026537,352,253,0.71875,0.20272435897435898
E00026539,405,54,0.13333333333333333,0.11584158415841818
E00026540,380,45,0.11842105263157894,0.1046729620886
E00026541,436,78,0.17889908256880735,0.14723188864283265
E00026542,367,66,0.17983651226158037,0.14789833385447193
E00026543,378,72,0.19047619047619047,0.1546040166729813
E00026544,469,114,0.24307036247334754,0.18438029632059674
E00026545,400,119,0.2975,0.20951754385964677
E00026546,397,193,0.48614609571788414,0.2504388977940631
E00026547,480,146,0.30416666666666664,0.21209116214335094
E00026548,425,100,0.23529411764705882,0.18035516093229523
E00026549,550,201,0.3654545454545455,0.23231992051664252
E00026550,490,152,0.31020408163265306,0.2144150911898498
E00026551,565,222,0.3929203539823009,0.23895688194313527
E00026552,337,112,0.3323442136498516,0.22255192878338365
E00026553,455,159,0.34945054945054943,0.22783560052282628
E00026554,408,184,0.45098039215686275,0.24820542467601275
E00026555,417,203,0.486810551558753,0.250426581811474
E00026556,350,257,0.7342857142857143,0.19566925910765456
E00026557,336,204,0.6071428571428571,0.2392324093816639
E00026558,375,112,0.2986666666666667,0.2100249554367191
E00026559,508,76,0.14960629921259844,0.1274751898616195
E00026561,392,43,0.1096938775510204,0.09791090349183121
E00026563,384,43,0.11197916666666667,0.09969946692776614
E00026564,364,85,0.23351648351648352,0.17947961129779438
E00026565,314,84,0.267515923566879,0.19657719623125455
E00026566,522,202,0.38697318007662834,0.23768026415455493
E00026567,467,167,0.3576017130620985,0.23021569510435674
E00026568,517,203,0.39264990328820115,0.23893811944281984
E00026569,493,88,0.17849898580121704,0.14693514075100253
E00026570,458,72,0.1572052401746725,0.13278166894403545
E00026571,296,106,0.3581081081081081,0.23064590013742414
E00026572,430,56,0.13023255813953488,0.11353607632677137
E00026573,327,84,0.25688073394495414,0.19147858389148326
E00026574,329,48,0.1458966565349544,0.12499073319000903
E00026575,314,301,0.9585987261146497,0.03981400459901101
E00026576,305,222,0.7278688524590164,0.19872735116479792
E00026577,314,265,0.8439490445859873,0.13211981848151239
E00026578,364,292,0.8021978021978022,0.15911361365906826
E00026579,337,313,0.9287833827893175,0.06634167019923691
E00026580,333,292,0.8768768768768769,0.1082890119034697
E00026581,308,294,0.9545454545454546,0.043529760142137996
E00026582,283,246,0.8692579505300353,0.11405157506954354
E00026583,136,125,0.9191176470588235,0.07489106753812635
E00026584,363,282,0.7768595041322314,0.17382767910141123
E00026585,345,293,0.8492753623188406,0.1283788338388946
E00026586,473,337,0.7124735729386892,0.20528899559250421
E00026587,361,329,0.9113573407202216,0.08100954139735309
E00026588,345,280,0.8115942028985508,0.15335355578024953
E00026589,313,284,0.9073482428115016,0.08433685590235108
E00026590,340,333,0.9794117647058823,0.020223841749089016
E00026591,359,342,0.9526462395543176,0.04523739126375251
E00026592,359,324,0.9025069637883009,0.08823392104075564
E00026593,355,343,0.9661971830985916,0.032752446884698014
E00026594,299,267,0.8929765886287625,0.0958901034769141
E00026595,331,275,0.8308157099697885,0.14098690835850958
E00026596,303,288,0.9504950495049505,0.047210019015146563
E00026597,286,280,0.9790209790209791,0.020610967979389036
E00026598,256,242,0.9453125,0.05189950980392157
E00026599,344,278,0.8081395348837209,0.1555020679368092
E00026600,295,289,0.9796610169491525,0.019993081978554133
E00026601,257,175,0.6809338521400778,0.2181116245136179
E00026602,285,257,0.9017543859649123,0.08890536199654057
E00026603,302,274,0.9072847682119205,0.08439858308948102
E00026604,293,277,0.9453924914675768,0.05180232829959326
E00026605,267,248,0.9288389513108615,0.06634563937934722
E00026606,220,146,0.6636363636363637,0.22424242424242394
E00026607,500,423,0.846,0.13054509018036092
E00026608,295,275,0.9322033898305084,0.06341519658710947
E00026609,285,264,0.9263157894736842,0.06849518161601185
E00026610,254,251,0.9881889763779528,0.011717655846378888
E00026611,368,350,0.9510869565217391,0.04664731666864114
E00026612,444,384,0.8648648648648649,0.11713745348056856
E00026613,268,210,0.7835820895522388,0.17021633406003672
E00026614,286,238,0.8321678321678322,0.14015458225984567
E00026615,316,315,0.9968354430379747,0.0031645569620253164
E00026616,332,274,0.8253012048192772,0.14461471262694295
E00026617,317,270,0.8517350157728707,0.1266821067763446
E00026618,279,247,0.8853046594982079,0.10190557231634048
E00026619,252,212,0.8412698412698413,0.13406690697527346
E00026620,331,286,0.8640483383685801,0.1178247734138972
E00026621,291,266,0.9140893470790378,0.07880080578267568
E00026622,221,148,0.669683257918552,0.22221308103661078
E00026623,322,292,0.906832298136646,0.08475068206884535
E00026624,377,307,0.8143236074270557,0.15160279925503675
E00026625,281,256,0.9110320284697508,0.08134214539908496
E00026626,260,224,0.8615384615384616,0.11975051975051976
E00026627,325,258,0.7938461538461539,0.1641595441595439
E00026628,326,270,0.8282208588957055,0.14270882491741388
E00026629,323,256,0.7925696594427245,0.16491356267907648
E00026630,308,262,0.8506493506493507,0.1274588603578833
E00026631,228,189,0.8289473684210527,0.1424182703454673
E00026632,206,179,0.8689320388349514,0.11444470755387164
E00026633,457,356,0.7789934354485777,0.17254021267611075
E00026634,367,305,0.8310626702997275,0.14078110808356037
E00026635,301,265,0.8803986710963455,0.10564784053156152
E00026636,311,295,0.9485530546623794,0.04895757701483247
E00026637,485,324,0.668041237113402,0.2222203288744985
E00026638,282,256,0.9078014184397163,0.08399586078089903
E00026639,385,282,0.7324675324675325,0.1964691558441567
E00026640,274,246,0.8978102189781022,0.09208309938236946
E00026641,246,217,0.8821138211382114,0.10441347270615557
E00026642,313,272,0.8690095846645367,0.11419677234373733
E00026643,289,275,0.9515570934256056,0.04625624759707805
E00026644,318,277,0.8710691823899371,0.11266194472551239
E00026645,284,186,0.6549295774647887,0.2267954013835654
E00026646,300,238,0.7933333333333333,0.16450390189520586
E00026647,251,217,0.8645418326693227,0.11757768924302778
E00026648,254,182,0.7165354330708661,0.2039152220596935
E00026649,266,245,0.9210526315789473,0.07298907646474678
E00026650,275,234,0.850909090909091,0.12732581287325817
E00026651,238,209,0.8781512605042017,0.1074531078254087
E00026652,344,297,0.8633720930232558,0.11830463082242863
E00026653,366,316,0.8633879781420765,0.11827232577288721
E00026654,267,249,0.9325842696629213,0.0631072062177917
E00026655,304,255,0.8388157894736842,0.13565007816571126
E00026656,549,442,0.8051001821493625,0.15720021804741216
E00026657,152,145,0.9539473684210527,0.044222725688393166
E00026658,193,153,0.7927461139896373,0.16515544041450794
E00026659,255,231,0.9058823529411765,0.08559518295507178
E00026660,391,335,0.8567774936061381,0.12302446062036834
E00026661,315,273,0.8666666666666667,0.1159235668789809
E00026662,334,279,0.8353293413173652,0.13796730862599127
E00026663,327,290,0.8868501529051988,0.10065477195549813
E00026664,302,257,0.8509933774834437,0.12722492354403628
E00026665,290,253,0.8724137931034482,0.1116931153800262
E00026666,261,232,0.8888888888888888,0.09914529914529918
E00026667,307,275,0.8957654723127035,0.09367482063400832
E00026668,352,286,0.8125,0.1527777777777778
E00026669,503,403,0.8011928429423459,0.15960016791680193
E00026670,335,262,0.7820895522388059,0.17093574045937948
E00026671,324,294,0.9074074074074074,0.08427932576539386
E00026672,300,293,0.9766666666666667,0.022865105908584163
E00026673,250,216,0.864,0.11797590361445782
E00026674,366,331,0.9043715846994536,0.08672056291638598
E00026675,302,251,0.8311258278145696,0.14082198411476102
E00026676,255,216,0.8470588235294118,0.13006021306160231
E00026677,330,266,0.806060606060606,0.15680206318504203
E00026678,287,265,0.9233449477351916,0.07102653444116852
E00026679,367,243,0.662125340599455,0.22432661812659166
E00026680,260,243,0.9346153846153846,0.06134541134541133
E00026681,212,191,0.9009433962264151,0.08966735223106498
E00026682,277,250,0.9025270758122743,0.08829069219902683
E00026683,299,265,0.8862876254180602,0.10112006464501341
E00026684,360,320,0.8888888888888888,0.09904054472299606
E00026685,284,270,0.9507042253521126,0.04703130443438011
E00026686,190,166,0.8736842105263158,0.11094402673350048
E00026687,220,189,0.8590909090909091,0.12160647571606464
E00026688,298,273,0.9161073825503355,0.07711341603959054
E00026689,425,331,0.7788235294117647,0.17266370699223105
E00026690,254,234,0.9212598425196851,0.07282686502131895
E00026691,288,278,0.9652777777777778,0.0336333720480062
E00026692,319,282,0.8840125391849529,0.10285680487372091
E00026693,263,238,0.9049429657794676,0.0863495196354454
E00026694,234,198,0.8461538461538461,0.13073621657312637
E00026695,270,223,0.825925925925926,0.14430676029189043
E00026696,322,271,0.8416149068322981,0.133714517907935
E00026697,316,243,0.7689873417721519,0.178209764918626
E00026698,315,282,0.8952380952380953,0.09408553230209281
E00026699,346,283,0.8179190751445087,0.14935913546117083
E00026700,284,223,0.7852112676056338,0.16925048524361713
E00026701,388,319,0.8221649484536082,0.14658754894909262
E00026702,413,340,0.8232445520581114,0.14586614635981088
E00026703,416,363,0.8725961538461539,0.11143999073215953
E00026704,366,229,0.6256830601092896,0.23484542256156857
E00026705,361,261,0.7229916897506925,0.20083102493074736
E00026706,304,189,0.6217105263157895,0.23596274101094256
E00026707,326,208,0.6380368098159509,0.23165644171779162
E00026708,381,291,0.7637795275590551,0.18089515126398686
E00026709,330,290,0.8787878787878788,0.1068435110988302
E00026710,299,253,0.8461538461538461,0.13061435209086217
E00026711,214,185,0.8644859813084113,0.1176999692861217
E00026712,255,234,0.9176470588235294,0.07586845761926814
E00026713,373,329,0.8820375335120644,0.10432702009282471
E00026714,238,198,0.8319327731092437,0.14041059461759384
E00026715,337,274,0.8130563798219584,0.15244807121661727
E00026716,241,205,0.8506224066390041,0.12759336099585064
E00026717,278,222,0.7985611510791367,0.16144196556112483
E00026718,345,307,0.8898550724637682,0.09829794405123023
E00026719,293,236,0.8054607508532423,0.15723035205011923
E00026720,404,336,0.8316831683168316,0.1403336363413014
E00026721,366,313,0.855191256830601,0.12417845647129287
E00026722,443,271,0.6117381489841986,0.2380519493784658
E00026723,427,332,0.7775175644028103,0.17339006717903022
E00026724,467,231,0.49464668094218417,0.25050776116385004
E00026725,294,193,0.6564625850340136,0.22628915047247575
E00026726,564,468,0.8297872340425532,0.14149125127546228
E00026727,310,197,0.635483870967742,0.23239377805616485
E00026728,500,359,0.718,0.20288176352705353
E00026730,429,244,0.5687645687645687,0.24584449818094514
E00026731,340,210,0.6176470588235294,0.23685580426861086
E00026732,281,219,0.7793594306049823,0.17257244534824587
E00026733,317,209,0.6593059936908517,0.22533242822345562
E00026734,478,364,0.7615062761506276,0.18199521065235083
E00026735,358,235,0.6564245810055865,0.22616309093469777
E00026736,345,238,0.6898550724637681,0.21457701381867172
E00026737,317,215,0.6782334384858044,0.21892345166313867
E00026738,469,403,0.8592750533049041,0.12117981520966589
E00026739,295,210,0.711864406779661,0.20581113801452738
E00026740,317,260,0.8201892744479495,0.14794553368206706
E00026741,294,210,0.7142857142857143,0.20477815699658644
E00026742,338,256,0.757396449704142,0.18429231120397582
E00026743,345,212,0.6144927536231884,0.23758004718571035
E00026744,251,164,0.6533864541832669,0.22737848605577715
E00026745,322,232,0.7204968944099379,0.20200847506820643
E00026746,319,274,0.8589341692789969,0.12154728810551832
E00026747,307,235,0.7654723127035831,0.18011113240084278
E00026748,492,389,0.790650406504065,0.16585945391022128
E00026749,270,180,0.6666666666666666,0.22304832713754574
E00026750,510,146,0.28627450980392155,0.20472283215840759
E00026751,476,108,0.226890756302521,0.17578062804069175
E00026752,310,246,0.7935483870967742,0.16435953648606344
E00026753,434,177,0.4078341013824885,0.2420631964325628
E00026754,480,181,0.3770833333333333,0.23538187195546123
E00026755,413,160,0.387409200968523,0.23789933942969793
E00026756,481,298,0.6195426195426196,0.2362006237006223
E00026758,622,549,0.882636655948553,0.10375599981359825
E00026759,316,237,0.75,0.1880952380952381
E00026760,543,455,0.8379373848987108,0.13604887430089788
E00026761,183,91,0.4972677595628415,0.25136612021858
E00026764,482,261,0.5414937759336099,0.248794437591116
E00026765,543,146,0.26887661141804786,0.19694467662908807
E00026766,554,157,0.2833935018050541,0.20344886115119146
E00026767,412,140,0.33980582524271846,0.22488366050126063
E00026768,355,110,0.30985915492957744,0.21445054507838104
E00026769,367,166,0.45231607629427795,0.24840309107964237
E00026770,499,78,0.156312625250501,0.13214380568365544
E00026771,301,82,0.2724252491694352,0.19887043189368928
E00026772,394,250,0.6345177664974619,0.23249505947998572
E00026773,329,249,0.756838905775076,0.18459485506709175
E00026774,328,82,0.25,0.18807339449541285
E00026775,455,140,0.3076923076923077,0.21348695357506195
E00026776,143,124,0.8671328671328671,0.11602482025017237
E00026777,235,103,0.43829787234042555,0.24724495362793397
E00026778,412,86,0.2087378640776699,0.16556823282073033
E00026779,441,152,0.34467120181405897,0.2263863121006017
E00026780,384,290,0.7552083333333334,0.18535139251523117
E00026781,455,274,0.6021978021978022,0.24008326475286781
E00026782,391,231,0.5907928388746803,0.2423765492819211
E00026783,499,129,0.25851703406813625,0.19207088876547992
E00026784,478,118,0.24686192468619247,0.18631088655561776
E00026785,405,359,0.8864197530864197,0.10092898178706744
E00026786,261,225,0.8620689655172413,0.11936339522546413
E00026787,377,319,0.8461538461538461,0.1305237315875615
E00026788,246,230,0.9349593495934959,0.06105856976937114
E00026789,260,240,0.9230769230769231,0.07128007128007133
E00026790,287,267,0.9303135888501742,0.06505689432518702
E00026791,261,216,0.8275862068965517,0.14323607427055687
E00026792,291,270,0.9278350515463918,0.0671880554568077
E00026793,288,262,0.9097222222222222,0.08241385985288423
E00026795,336,299,0.8898809523809523,0.09828535891968714
E00026796,290,268,0.9241379310344827,0.07034960028636195
E00026797,300,257,0.8566666666666667,0.12319955406911921
E00026798,306,268,0.8758169934640523,0.10911818279224272
E00026799,192,187,0.9739583333333334,0.025496291448516582
E00026800,337,328,0.973293768545994,0.026070368800339125
E00026801,305,229,0.7508196721311475,0.1877049180327869
E00026802,332,307,0.9246987951807228,0.06984129872966191
E00026803,328,301,0.9176829268292683,0.07577198478406802
E00026804,330,298,0.9030303030303031,0.08783273464124537
E00026806,449,334,0.7438752783964365,0.190950127266942
E00026807,281,224,0.797153024911032,0.16227758007117452
E00026808,238,202,0.8487394957983193,0.12892245505797248
E00026809,265,231,0.8716981132075472,0.11226415094339615
E00026810,176,153,0.8693181818181818,0.1142532467532467
E00026811,301,274,0.9102990033222591,0.08192691029900333
E00026812,300,277,0.9233333333333333,0.07102564102564103
E00026813,326,284,0.8711656441717791,0.11258140632373764
E00026814,283,239,0.8445229681978799,0.13176954113725792
E00026815,335,295,0.8805970149253731,0.10546072035034414
E00026816,353,313,0.886685552407932,0.10075972186453776
E00026817,305,280,0.9180327868852459,0.07549611734253664
E00026818,330,297,0.9,0.09027355623100294
E00026819,286,248,0.8671328671328671,0.11561771561771553
E00026821,408,172,0.4215686274509804,0.2444476562123601
E00026822,436,99,0.22706422018348624,0.17590952230307144
E00026823,435,258,0.593103448275862,0.2418878118544432
E00026824,417,113,0.2709832134292566,0.19802619442907268
E00026825,263,177,0.6730038022813688,0.22090964502365473
E00026826,369,155,0.42005420054200543,0.24427064922823244
E00026827,350,151,0.43142857142857144,0.24600081866557372
E00026828,406,153,0.3768472906403941,0.2354132457580758
E00026829,327,168,0.5137614678899083,0.25057691225305284
E00026830,403,288,0.7146401985111662,0.20443687270841776
E00026831,298,202,0.6778523489932886,0.2191037895735881
E00026832,364,239,0.6565934065934066,0.22609965791784006
E00026833,431,307,0.7122969837587007,0.20540657206064866
E00026834,337,179,0.5311572700296736,0.24977038293061893
E00026835,321,220,0.6853582554517134,0.21631619937694704
E00026837,262,128,0.48854961832061067,0.2508262408236101
E00026838,264,216,0.8181818181818182,0.1493259592118907
E00026840,178,126,0.7078651685393258,0.2079603884974293
E00026841,346,194,0.5606936416184971,0.24703024210438249
E00026842,440,233,0.5295454545454545,0.24969455373783436
E00026843,359,210,0.584958217270195,0.24346026361245568
E00026844,321,152,0.4735202492211838,0.25007788161993844
E00026845,433,207,0.4780600461893764,0.2500962278675921
E00026846,324,133,0.4104938271604938,0.2427378358750904
E00026847,336,170,0.5059523809523809,0.25071073205401667
E00026848,414,140,0.33816425120772947,0.2243511012855121
E00026849,424,232,0.5471698113207547,0.2483607654221869
E00026850,465,286,0.6150537634408603,0.23727289581015934
E00026851,425,187,0.44,0.24698113207547395
E00026852,389,107,0.2750642673521851,0.19991784379720623
E00026854,522,206,0.3946360153256705,0.23935696898831163
E00026855,330,144,0.43636363636363634,0.2466979828681955
E00026856,291,264,0.9072164948453608,0.0844649840028439
E00026857,410,337,0.8219512195121951,0.14670522988848494
E00026858,369,142,0.38482384823848237,0.23737775421232357
E00026859,101,81,0.801980198019802,0.16039603960396043
E00026860,317,94,0.29652996845425866,0.20926007267500085
E00026861,368,199,0.5407608695652174,0.24901522331477238
E00026862,373,304,0.8150134048257373,0.15117184121767704
E00026863,362,309,0.8535911602209945,0.12531947781637873
E00026864,358,222,0.6201117318435754,0.236233040702315
E00026865,425,317,0.7458823529411764,0.18998890122086567
E00026866,347,286,0.8242074927953891,0.14530825740034328
E00026867,322,272,0.84472049689441,0.13157640138542215
E00026868,235,193,0.8212765957446808,0.14740861974904515
E00026869,253,204,0.8063241106719368,0.15678524374176567
E00026870,399,259,0.6491228070175439,0.2283346557348141
E00026871,405,352,0.8691358024691358,0.11402029091798085
E00026872,387,320,0.8268733850129198,0.14352465491156932
E00026873,387,318,0.8217054263565892,0.14688516688757677
E00026874,395,272,0.6886075949367089,0.21497140654115457
E00026875,301,243,0.8073089700996677,0.1560797342192693
E00026876,425,257,0.6047058823529412,0.2396004439511663
E00026877,617,386,0.6256077795786061,0.2346029173419785
E00026878,502,434,0.8645418326693227,0.11734300323655461
E00026879,440,324,0.7363636363636363,0.1945744460550843
E00026880,414,278,0.6714975845410628,0.22112269127744508
E00026881,325,278,0.8553846153846154,0.1240835707502374
E00026882,279,235,0.8422939068100358,0.13331270467496956
E00026883,339,247,0.7286135693215339,0.19832085318810927
E00026884,351,267,0.7606837606837606,0.18256410256410263
E00026885,287,232,0.8083623693379791,0.15545430179576517
E00026886,297,269,0.9057239057239057,0.0856765856765857
E00026887,275,199,0.7236363636363636,0.2007166556071668
E00026888,318,225,0.7075471698113207,0.20757692994464652
E00026889,386,307,0.7953367875647669,0.1631989771886145
E00026890,348,291,0.8362068965517241,0.13735963430388537
E00026891,228,200,0.8771929824561403,0.10820001545714507
E00026892,275,193,0.7018181818181818,0.21003317850033149
E00026893,498,388,0.7791164658634538,0.17244026407440669
E00026894,492,424,0.8617886178861789,0.11935158048118158
E00026895,306,255,0.8333333333333334,0.1393442622950817
E00026896,280,198,0.7071428571428572,0.20783410138248884
E00026897,450,403,0.8955555555555555,0.09374412274189556
E00026898,391,305,0.7800511508951407,0.17201127942815858
E00026899,332,261,0.786144578313253,0.16862919957776734
E00026900,383,313,0.8172323759791122,0.1497546238705181
E00026901,398,319,0.8015075376884422,0.15949394326797753
E00026902,402,276,0.6865671641791045,0.21572933338295985
E00026903,457,365,0.7986870897155361,0.16113862336366055
E00026904,271,233,0.8597785977859779,0.12100587672543386
E00026905,473,401,0.8477801268498943,0.12932239223133957
E00026906,246,223,0.9065040650406504,0.08510038161606108
E00026907,258,244,0.9457364341085271,0.05151871625493922
E00026908,219,204,0.9315068493150684,0.06409450798039466
E00026909,300,270,0.9,0.09030100334448152
E00026910,313,266,0.8498402555910544,0.12802080773326774
E00026912,322,265,0.8229813664596274,0.14613687815638232
E00026913,258,206,0.7984496124031008,0.1615540071788372
E00026914,314,279,0.8885350318471338,0.09935695244297013
E00026915,284,255,0.897887323943662,0.09200965510376743
E00026916,309,267,0.8640776699029126,0.117828773168579
E00026917,405,323,0.7975308641975308,0.16187507639652854
E00026918,248,226,0.9112903225806451,0.08116755909625174
E00026919,267,247,0.9250936329588015,0.06955591225254149
E00026920,284,239,0.8415492957746479,0.13381525904543856
E00026921,286,250,0.8741258741258742,0.11041589988958413
E00026922,362,317,0.8756906077348067,0.1091581089974135
E00026923,268,227,0.8470149253731343,0.13006596232321535
E00026924,291,255,0.8762886597938144,0.10878066121578389
E00026925,116,110,0.9482758620689655,0.04947526236881559
E00026926,349,307,0.8796561604584527,0.1061653986760201
E00026927,296,256,0.8648648648648649,0.11726981218506635
E00026928,292,234,0.8013698630136986,0.15972320293743852
E00026929,273,246,0.9010989010989011,0.08944731738849387
E00026930,277,253,0.9133574007220217,0.07942238267148018
E00026931,269,229,0.8513011152416357,0.12705986794651283
E00026932,265,243,0.9169811320754717,0.07641509433962267
E00026933,298,277,0.9295302013422819,0.06572435767066642
E00026934,264,244,0.9242424242424242,0.07028459499942391
E00026935,337,291,0.8635014836795252,0.11821746502755405
E00026936,393,353,0.8982188295165394,0.09165498260372856
E00026937,566,499,0.8816254416961131,0.10454673379405242
E00026938,258,218,0.8449612403100775,0.13151147709106262
E00026939,315,287,0.9111111111111111,0.081245576786978
E00026940,239,212,0.8870292887029289,0.10062937308814747
E00026941,309,267,0.8640776699029126,0.117828773168579
E00026942,311,270,0.8681672025723473,0.11482211388860082
E00026943,335,287,0.8567164179104477,0.12312092233443574
E00026944,103,81,0.7864077669902912,0.16961736150770992
E00175804,298,213,0.714765100671141,0.20456240254897962
E00175805,501,258,0.5149700598802395,0.2502754491017941
E00175806,1359,819,0.6026490066225165,0.2396395166245648
E00175807,433,267,0.6166281755196305,0.23694508596356095
E00175808,994,544,0.5472837022132797,0.24801376233229708
E00175809,472,195,0.413135593220339,0.24296934038648482
E00175810,204,160,0.7843137254901961,0.16999903409639738
E00175811,771,550,0.7133592736705577,0.20474337594960118
E00175812,422,154,0.36492890995260663,0.23230628947102008
E00175813,374,129,0.3449197860962567,0.22655589167180237
E00175814,188,139,0.7393617021276596,0.19373648879280922
E00175815,271,111,0.4095940959409594,0.24272242722427267
E00175816,457,348,0.7614879649890591,0.1820223425083492
E00175817,833,443,0.531812725090036,0.24928721488595673
E00175818,773,365,0.4721862871927555,0.24954922950083222
E00175819,2061,1757,0.8524987869966036,0.12580564623639187
E00175820,847,464,0.5478158205430933,0.2480064530354639
E00175821,429,150,0.34965034965034963,0.22792627932814655
E00175822,214,163,0.7616822429906542,0.18237462156114256
E00175823,197,170,0.8629441624365483,0.11887496115197342
E00175824,416,161,0.3870192307692308,0.2378069972196499
E00175825,994,410,0.4124748490945674,0.24258339564070538
E00175826,169,121,0.7159763313609467,0.2045646661031279
E00175827,375,299,0.7973333333333333,0.16202495543672
E00175828,254,154,0.6062992125984252,0.2396439575487842
E00175829,571,98,0.17162872154115585,0.14242172857713123
E00175830,247,85,0.3441295546558704,0.226621901846551
E00175831,328,84,0.25609756097560976,0.19109420452002737
E00175832,217,126,0.5806451612903226,0.2446236559139793
E00175833,339,250,0.7374631268436578,0.1941840777783596
E00175834,333,202,0.6066066066066066,0.23935381164296962
E00175835,931,441,0.47368421052631576,0.24957555178268
E00175836,223,125,0.5605381165919282,0.24744475417121078
E00175837,540,121,0.22407407407407406,0.17418745275887762
E00175838,323,111,0.34365325077399383,0.22625617752821903
E00175839,285,207,0.7263157894736842,0.19948109710896933
E00175840,228,216,0.9473684210526315,0.05008115001159284
E00175841,215,184,0.8558139534883721,0.12397304933710052
E00175842,183,164,0.8961748633879781,0.0935567165075362
E00175843,164,126,0.7682926829268293,0.17911117761484366
E00175844,279,209,0.7491039426523297,0.18862329491245725
E00175845,162,117,0.7222222222222222,0.20186335403726696
E00175846,178,150,0.8426966292134831,0.13330794134450583
E00175847,151,123,0.8145695364238411,0.15205298013245047
E00175848,342,173,0.5058479532163743,0.2506988389840668
E00175849,271,109,0.4022140221402214,0.24132841328413385
E00175850,250,196,0.784,0.1700240963855419
E00175851,180,154,0.8555555555555555,0.12427063935443809
E00175852,309,231,0.7475728155339806,0.18932038834951476
E00175853,199,122,0.6130653266331658,0.23841429369067552
E00175854,192,154,0.8020833333333334,0.15957678883071555
E00175855,221,195,0.8823529411764706,0.10427807486631022
E00175856,152,128,0.8421052631578947,0.13384454513767868
E00175857,148,112,0.7567567567567568,0.18532818532818543
E00175858,173,92,0.5317919075144508,0.2504368866783163
E00175859,173,135,0.7803468208092486,0.17240220459739192
E00175860,298,217,0.7281879194630873,0.19859670530811427
E00175861,227,139,0.6123348017621145,0.23843125024365508
E00175862,221,176,0.7963800904977375,0.16289592760180993
E00175863,187,135,0.7219251336898396,0.2018285319993096
E00175864,250,212,0.848,0.129413654618474
E00175865,201,185,0.9203980099502488,0.0736318407960199
E00175866,171,143,0.8362573099415205,0.13773649810801525
E00175867,164,142,0.8658536585365854,0.116863683974263
E00175868,128,95,0.7421875,0.19285187007874016
E00175869,217,128,0.5898617511520737,0.2430448882061793
E00175870,164,140,0.8536585365853658,0.12569205446655682
E00175871,238,201,0.8445378151260504,0.13184767577917253
E00175872,252,202,0.8015873015873016,0.15967874533611587
E00175873,218,191,0.8761467889908257,0.10901365577305208
E00175874,182,135,0.7417582417582418,0.19261125614716793
E00175875,466,261,0.5600858369098712,0.24691956250865585
E00175876,230,156,0.6782608695652174,0.21917600151889058
E00175877,214,141,0.6588785046728972,0.22581282085033547
E00175878,305,268,0.8786885245901639,0.10694564279551343
E00175879,193,127,0.6580310880829016,0.22619818652849757
E00175880,133,77,0.5789473684210527,0.24561403508771906
E00175881,316,148,0.46835443037974683,0.24978902953586563
E00175882,264,107,0.4053030303030303,0.2419489572531394
E00175883,194,94,0.4845360824742268,0.25105496501255337
E00175884,241,197,0.8174273858921162,0.1498616874135545
E00175885,296,242,0.8175675675675675,0.1496564360971142
E00175886,226,176,0.7787610619469026,0.1730580137659783
E00175887,192,157,0.8177083333333334,0.14984184118673655
E00175888,270,234,0.8666666666666667,0.11598513011152421
E00175889,275,243,0.8836363636363637,0.10319840743198397
E00175890,267,183,0.6853932584269663,0.21643997634535742
E00175891,242,190,0.7851239669421488,0.16940434141490346
E00175892,269,217,0.8066914498141264,0.15652222160572588
E00175893,234,200,0.8547008547008547,0.12472029639411629
E00175894,238,170,0.7142857142857143,0.20494273658830583
E00175895,424,366,0.8632075471698113,0.11835942727151084
E00175896,253,212,0.8379446640316206,0.13633226676704935
E00175897,319,162,0.5078369905956113,0.2507245519607255
E00175898,267,186,0.6966292134831461,0.21213145222607013
E00175899,257,214,0.8326848249027238,0.13986502918287946
E00175900,326,213,0.6533742331288344,0.22717319490325566
E00175901,234,132,0.5641025641025641,0.2469461868603497
E00175902,330,290,0.8787878787878788,0.1068435110988302
E00175903,360,116,0.32222222222222224,0.21900340451872327
E00175904,413,133,0.3220338983050847,0.21885798913937424
E00175905,186,157,0.8440860215053764,0.13231618715489696
E00175906,188,96,0.5106382978723404,0.25122311980885215
E00175907,334,196,0.5868263473053892,0.24318929708151327
E00175908,330,189,0.5727272727272728,0.245454545454546
E00175909,282,249,0.8829787234042553,0.10369501022185203
E00175910,179,155,0.8659217877094972,0.11675349946644901
E00175911,218,136,0.6238532110091743,0.23574176637213054
E00175912,279,119,0.4265232974910394,0.24548103452721567
E00175913,178,119,0.6685393258426966,0.22284644194756487
E00175914,211,182,0.8625592417061612,0.1191153238546603
E00175915,222,200,0.9009009009009009,0.08968244262361912
E00175916,259,224,0.8648648648648649,0.11732662895453588
E00175917,224,188,0.8392857142857143,0.1354900704676489
E00175918,292,125,0.4280821917808219,0.24566916160617658
E00175919,248,139,0.5604838709677419,0.24733903617604738
E00175920,293,174,0.5938566552901023,0.24201692458740384
E00175921,167,115,0.688622754491018,0.2157131520092346
E00175922,189,112,0.5925925925925926,0.2427107959022858
E00175923,186,101,0.543010752688172,0.249491426910782
E00175924,312,88,0.28205128205128205,0.2031494764613734
E00175925,358,229,0.6396648044692738,0.23113938312755208
E00175926,341,140,0.41055718475073316,0.24271174745558147
E00175927,380,145,0.3815789473684211,0.23659908346062886
E00175928,248,104,0.41935483870967744,0.24448217317487272
E00175929,460,210,0.45652173913043476,0.2486501847115672
E00175930,156,62,0.3974358974358974,0.24102564102564047
E00175931,135,75,0.5555555555555556,0.24875621890547298
E00175932,312,130,0.4166666666666667,0.2438370846730996
E00175933,116,46,0.39655172413793105,0.24137931034482735
E00175934,273,188,0.6886446886446886,0.21520146520146477
E00175935,292,165,0.565068493150685,0.24661064821353043
E00175936,210,92,0.4380952380952381,0.247345636819321
E00175937,250,210,0.84,0.13493975903614452
E00175938,109,90,0.8256880733944955,0.14525993883792057
E00175939,115,18,0.1565217391304348,0.13318077803203618
E00175940,367,66,0.17983651226158037,0.14789833385447193
E00175941,374,125,0.3342245989304813,0.22311508078737538
E00175942,971,765,0.787847579814624,0.16731608396063238
E00175943,434,45,0.10368663594470046,0.09315034961313519
E00175944,382,69,0.1806282722513089,0.1483901554190515
E00175945,212,162,0.7641509433962265,0.18107842260574117
E00175946,172,130,0.7558139534883721,0.18563851489188107
E00175947,262,213,0.8129770992366412,0.15262788453101714
E00175948,189,99,0.5238095238095238,0.2507598784194539
E00175949,509,39,0.07662082514734773,0.07088934610089513
E00175950,318,210,0.660377358490566,0.22498660794000427
E00175951,359,149,0.415041782729805,0.24346026361245363
E00175952,467,355,0.7601713062098501,0.18270211651395554
E00175953,264,80,0.30303030303030304,0.2120059914736733
E00175954,346,136,0.3930635838150289,0.23925609449610571
E00175955,299,121,0.40468227424749165,0.24172296918138583
E00175956,209,71,0.3397129186602871,0.22538645564961543
E00175957,716,635,0.8868715083798883,0.10047075829198725
E00175958,129,113,0.875968992248062,0.10949612403100772
E00175959,294,249,0.8469387755102041,0.1300759211534444
E00175960,215,129,0.6,0.24112149532710264
E00175961,204,122,0.5980392156862745,0.2415724910653911
E00175962,196,106,0.5408163265306123,0.2496075353218205
E00175963,198,76,0.3838383838383838,0.23770701943290617
E00175964,156,112,0.717948717948718,0.20380479735318474
E00175965,208,174,0.8365384615384616,0.13740245261984385
E00175966,315,276,0.8761904761904762,0.10882620564149233
E00175967,283,107,0.37809187279151946,0.23597223266420886
E00175968,385,75,0.19480519480519481,0.15726461038960757
E00175969,189,120,0.6349206349206349,0.2330293819655529
E00175970,214,135,0.6308411214953271,0.23397393708042732
E00175971,244,153,0.6270491803278688,0.23482088646022997
E00175972,717,377,0.5258019525801952,0.24968249144869356
E00175973,175,106,0.6057142857142858,0.24019704433497568
E00175974,206,167,0.8106796116504854,0.1542268529481413
E00175975,288,90,0.3125,0.21559233449477352
E00175976,263,158,0.6007604562737643,0.24076277827765444
E00175977,209,161,0.7703349282296651,0.17776959882223006
E00175978,239,185,0.7740585774058577,0.17562673605006884
E00175979,165,120,0.7272727272727273,0.19955654101995543
E00175980,266,183,0.6879699248120301,0.21547737267697484
E00175981,251,233,0.9282868525896414,0.06683665338645417
E00175982,273,216,0.7912087912087912,0.165804783451842
E00175983,194,173,0.8917525773195877,0.0970300731798515
E00175984,215,186,0.8651162790697674,0.11723538361225815
E00175985,198,179,0.9040404040404041,0.08719171409526744
E00175986,126,118,0.9365079365079365,0.059936507936507934
E00175987,192,162,0.84375,0.1325261780104712
E00175988,144,119,0.8263888888888888,0.14447358197358204
E00175989,199,182,0.914572864321608,0.07852393279528962
E00175990,197,171,0.868020304568528,0.11514555060602931
E00175991,338,141,0.4171597633136095,0.24385897143258503
E00175992,344,221,0.6424418604651163,0.2303800257644587
E00175993,275,165,0.6,0.24087591240875897
E00175994,184,163,0.8858695652173914,0.1016571632216679
E00175995,159,118,0.7421383647798742,0.1925802085821191
E00175996,218,174,0.7981651376146789,0.16183993573753874
E00175997,224,165,0.7366071428571429,0.19488709160794343
E00175998,186,150,0.8064516129032258,0.1569311246730603
E00175999,358,260,0.7262569832402235,0.19936466206594342
E00176000,250,124,0.496,0.2509879518072276
E00176001,288,209,0.7256944444444444,0.1997556136275652
E00176002,111,80,0.7207207207207207,0.2031122031122029
E00176003,188,143,0.7606382978723404,0.18304130162703383
E00176004,212,143,0.6745283018867925,0.22058034516677086
E00176005,289,166,0.5743944636678201,0.24531430219146586
E00176006,223,191,0.8565022421524664,0.12345978265260776
E00176007,105,92,0.8761904761904762,0.10952380952380955
E00176008,143,127,0.8881118881118881,0.10006894513936772
E00176009,203,106,0.5221674876847291,0.2507437935911806
E00176010,217,136,0.6267281105990783,0.23502304147465394
E00176011,224,194,0.8660714285714286,0.11651185137732227
E00176012,382,268,0.7015706806282722,0.20991878632971972
E00176013,192,155,0.8072916666666666,0.15638634380453728
E00176014,181,146,0.8066298342541437,0.15684468999386111
E00176015,298,268,0.8993288590604027,0.09084129889499024
E00176016,116,107,0.9224137931034483,0.07218890554722639
E00176017,151,121,0.8013245033112583,0.16026490066225163
E00176018,340,126,0.37058823529411766,0.23394065590838006
E00176019,370,212,0.572972972972973,0.24533802094777704
E00176020,403,210,0.5210918114143921,0.25017591941039174
E00176021,409,253,0.6185819070904646,0.2365166115345903
E00176022,270,127,0.4703703703703704,0.2500481894533942
E00176023,259,43,0.16602316602316602,0.13899613899613764
E00176024,157,143,0.910828025477707,0.08174097664543528
E00176025,146,127,0.8698630136986302,0.11398205007085495
E00176026,204,125,0.6127450980392157,0.2384574519462963
E00176027,988,794,0.8036437246963563,0.15796036736686175
E00176028,165,68,0.4121212121212121,0.24375461936437573
E00176029,229,189,0.8253275109170306,0.14479430016088263
E00176030,1108,889,0.8023465703971119,0.15872980931975347
E00176031,199,110,0.5527638190954773,0.2484645449469578
E00176032,271,220,0.8118081180811808,0.15334153341533394
E00176033,352,260,0.7386363636363636,0.19360269360269347
E00176034,426,348,0.8169014084507042,0.14992543496271762
E00176035,198,182,0.9191919191919192,0.07465518125416605
E00176036,281,206,0.7330960854092526,0.19636502287747873
E00176037,214,190,0.8878504672897196,0.10003948927208112
E00176038,596,321,0.5385906040268457,0.24892843043257354
E00176039,191,126,0.6596858638743456,0.22568200606227581
E00176040,171,97,0.5672514619883041,0.24692122463020266
E00176041,586,421,0.7184300341296929,0.20263411219042504
E00176042,374,70,0.18716577540106952,0.15254261587647228
E00176043,207,73,0.3526570048309179,0.22939824586089022
E00176044,301,165,0.5481727574750831,0.24850498338870342
E00176045,192,132,0.6875,0.21596858638743455
E00176046,1178,779,0.6612903225806451,0.2241757338230008
E00176047,152,56,0.3684210526315789,0.23422795399093715
E00176048,183,141,0.7704918032786885,0.17780580075662059
E00176049,315,237,0.7523809523809524,0.1868971792538674
E00176050,192,167,0.8697916666666666,0.11384707678883084
E00176051,168,138,0.8214285714285714,0.14756201881950373
E00176052,198,165,0.8333333333333334,0.13959390862944143
E00176053,174,150,0.8620689655172413,0.1195933824995017
E00176054,208,189,0.9086538461538461,0.08340301003344477
E00176055,178,114,0.6404494382022472,0.23157493810702712
E00176056,207,149,0.7198067632850241,0.20266404014821066
E00176057,206,180,0.8737864077669902,0.11082169074117927
E00176058,170,130,0.7647058823529411,0.18099547511312206
E00176059,218,188,0.8623853211009175,0.11922377711072593
E00176060,319,208,0.6520376175548589,0.22759803631631906
E00176061,155,74,0.4774193548387097,0.25111018014243786
E00176062,200,166,0.83,0.14180904522613075
E00176063,179,137,0.7653631284916201,0.18059129998116874
E00176064,169,74,0.4378698224852071,0.24760495914342007
E00176065,244,191,0.7827868852459017,0.17073129595898268
E00176066,361,243,0.6731301939058172,0.22063711911357448
E00176067,297,200,0.6734006734006734,0.22067522067521994
E00176068,227,125,0.5506607929515418,0.24852832248255466
E00176069,197,146,0.7411167512690355,0.19284160364653477
E00176070,485,375,0.7731958762886598,0.17572633552015027
E00176071,255,116,0.4549019607843137,0.24894241161031194
E00176072,285,185,0.6491228070175439,0.22856436866814828
E00176073,287,159,0.554006968641115,0.24794717477644312
E00176074,235,157,0.6680851063829787,0.2226950354609936
E00176075,162,84,0.5185185185185185,0.2512077294685984
E00176076,227,190,0.8370044052863436,0.13703169467077314
E00176077,282,189,0.6702127659574468,0.2218141894449906
E00176078,300,203,0.6766666666666666,0.21952062430323205
E00176079,289,232,0.8027681660899654,0.1588811995386391
E00176080,217,191,0.880184331797235,0.10594811401263014
E00176081,122,71,0.5819672131147541,0.24529196585828456
E00176082,966,659,0.6821946169772257,0.21702979006425765
E00176083,386,257,0.6658031088082902,0.22308727541888057
E00176084,176,144,0.8181818181818182,0.14961038961038944
E00176085,115,96,0.8347826086956521,0.13913043478260873
E00176086,163,141,0.8650306748466258,0.11747330152238133
E00176087,197,177,0.8984771573604061,0.09168134258779656
E00176088,297,221,0.7441077441077442,0.19105469105469056
E00176089,158,136,0.8607594936708861,0.12061598000483761
E00176090,284,126,0.44366197183098594,0.24769820335440199
E00176091,618,259,0.4190938511326861,0.24384877237704283
E00176092,226,181,0.8008849557522124,0.1601769911504424
E00176093,295,145,0.4915254237288136,0.25077827741266107
