OA,Pop_marr,Married,Civil,Mean_married
E00025604,277,60,0,0.21660649819494585
E00025605,202,54,0,0.26732673267326734
E00025607,218,68,0,0.3119266055045872
E00025608,299,83,0,0.27759197324414714
E00025611,370,101,2,0.27837837837837837
E00025612,273,109,0,0.3992673992673993
E00025613,200,50,0,0.25
E00025614,179,55,2,0.31843575418994413
E00025615,291,78,0,0.26804123711340205
E00025616,150,38,1,0.26
E00025617,361,106,2,0.29916897506925205
E00025618,243,95,0,0.39094650205761317
E00025619,211,73,0,0.3459715639810427
E00025620,260,73,0,0.28076923076923077
E00025621,229,56,0,0.2445414847161572
E00025622,192,75,0,0.390625
E00025623,315,78,0,0.24761904761904763
E00025624,256,71,2,0.28515625
E00025625,244,68,0,0.2786885245901639
E00025626,213,69,0,0.323943661971831
E00025627,257,67,0,0.2607003891050584
E00025628,251,88,0,0.350597609561753
E00025629,233,67,0,0.2875536480686695
E00025630,298,93,2,0.3187919463087248
E00025631,258,106,3,0.42248062015503873
E00025632,149,61,2,0.4228187919463087
E00025633,492,54,0,0.10975609756097561
E00025634,217,59,0,0.271889400921659
E00025635,179,51,2,0.29608938547486036
E00025636,482,107,0,0.22199170124481327
E00025638,213,62,0,0.29107981220657275
E00025639,162,65,0,0.4012345679012346
E00025640,270,151,0,0.5592592592592592
E00025641,283,163,0,0.5759717314487632
E00025642,217,65,0,0.2995391705069124
E00025643,352,131,0,0.3721590909090909
E00025644,233,65,0,0.27896995708154504
E00025645,174,79,0,0.4540229885057471
E00025646,264,127,0,0.4810606060606061
E00025647,263,95,0,0.3612167300380228
E00025648,321,103,0,0.32087227414330216
E00025649,217,75,0,0.3456221198156682
E00025650,206,63,0,0.3058252427184466
E00025651,257,69,0,0.26848249027237353
E00025652,249,71,0,0.285140562248996
E00025653,246,53,0,0.21544715447154472
E00025654,216,48,0,0.2222222222222222
E00025655,263,83,0,0.3155893536121673
E00025656,190,66,0,0.3473684210526316
E00025657,177,75,0,0.423728813559322
E00025658,284,140,0,0.49295774647887325
E00025659,325,92,2,0.28923076923076924
E00025660,236,134,4,0.5847457627118644
E00025661,228,79,0,0.34649122807017546
E00025662,223,92,0,0.4125560538116592
E00025663,321,74,2,0.2367601246105919
E00025664,278,130,0,0.4676258992805755
E00025665,339,65,0,0.19174041297935104
E00025666,285,71,0,0.24912280701754386
E00025667,220,125,0,0.5681818181818182
E00025668,233,66,0,0.2832618025751073
E00025669,207,59,1,0.2898550724637681
E00025670,238,56,4,0.25210084033613445
E00025671,216,76,2,0.3611111111111111
E00025672,233,72,0,0.3090128755364807
E00025673,254,71,0,0.2795275590551181
E00025674,232,46,2,0.20689655172413793
E00025675,214,71,0,0.3317757009345794
E00025676,251,100,2,0.4063745019920319
E00025677,206,55,0,0.2669902912621359
E00025678,304,104,0,0.34210526315789475
E00025680,275,50,0,0.18181818181818182
E00025681,194,45,0,0.23195876288659795
E00025682,229,53,0,0.2314410480349345
E00025684,268,68,0,0.2537313432835821
E00025685,263,52,0,0.19771863117870722
E00025687,227,64,0,0.28193832599118945
E00025688,216,77,2,0.36574074074074076
E00025689,244,66,0,0.27049180327868855
E00025690,213,67,0,0.3145539906103286
E00025691,300,54,0,0.18
E00025692,293,41,0,0.13993174061433447
E00025693,289,45,0,0.15570934256055363
E00025694,257,84,0,0.32684824902723736
E00025695,206,27,0,0.13106796116504854
E00025696,283,116,0,0.4098939929328622
E00025697,310,159,3,0.5225806451612903
E00025698,232,81,0,0.34913793103448276
E00025699,334,49,0,0.1467065868263473
E00025700,223,40,4,0.19730941704035873
E00025701,310,60,4,0.2064516129032258
E00025702,223,58,0,0.2600896860986547
E00025703,262,105,3,0.4122137404580153
E00025704,261,46,1,0.18007662835249041
E00025705,262,57,0,0.21755725190839695
E00025706,222,29,1,0.13513513513513514
E00025707,170,15,0,0.08823529411764706
E00025708,257,43,0,0.16731517509727625
E00025709,288,79,0,0.2743055555555556
E00025710,231,50,0,0.21645021645021645
E00025711,203,60,0,0.2955665024630542
E00025712,240,81,0,0.3375
E00025713,196,47,0,0.23979591836734693
E00025714,224,55,1,0.25
E00025715,180,33,0,0.18333333333333332
E00025716,274,49,1,0.18248175182481752
E00025717,239,76,2,0.3263598326359833
E00025718,247,71,0,0.2874493927125506
E00025719,364,113,1,0.3131868131868132
E00025720,304,85,2,0.28618421052631576
E00025721,251,67,0,0.26693227091633465
E00025722,194,39,0,0.20103092783505155
E00025723,215,33,2,0.16279069767441862
E00025724,255,71,2,0.28627450980392155
E00025725,416,129,4,0.31971153846153844
E00025726,254,73,0,0.2874015748031496
E00025727,172,34,0,0.19767441860465115
E00025728,264,85,0,0.32196969696969696
E00025729,236,77,2,0.3347457627118644
E00025730,233,60,0,0.2575107296137339
E00025731,235,69,0,0.2936170212765957
E00025732,258,71,0,0.2751937984496124
E00025733,356,111,0,0.31179775280898875
E00025734,272,96,0,0.35294117647058826
E00025735,301,102,0,0.3388704318936877
E00025736,355,103,2,0.29577464788732394
E00025737,265,89,0,0.33584905660377357
E00025738,259,93,0,0.3590733590733591
E00025739,281,91,0,0.3238434163701068
E00025740,262,101,0,0.38549618320610685
E00025741,282,90,0,0.3191489361702128
E00025742,239,72,1,0.3054393305439331
E00025743,224,71,0,0.3169642857142857
E00025744,235,68,0,0.28936170212765955
E00025745,341,89,0,0.26099706744868034
E00025746,188,55,0,0.2925531914893617
E00025747,244,75,0,0.3073770491803279
E00025748,292,95,0,0.3253424657534247
E00025749,236,75,0,0.3177966101694915
E00025750,286,61,0,0.21328671328671328
E00025751,207,61,0,0.2946859903381642
E00025752,188,57,1,0.30851063829787234
E00025753,241,81,0,0.3360995850622407
E00025754,236,56,0,0.23728813559322035
E00025756,181,40,0,0.22099447513812154
E00025757,182,41,0,0.22527472527472528
E00025758,272,93,2,0.3492647058823529
E00025759,246,97,0,0.3943089430894309
E00025760,256,82,0,0.3203125
E00025761,236,68,0,0.288135593220339
E00025762,193,55,4,0.30569948186528495
E00025763,228,69,3,0.3157894736842105
E00025764,254,92,0,0.36220472440944884
E00025765,256,84,0,0.328125
E00025766,211,55,0,0.26066350710900477
E00025767,228,58,0,0.2543859649122807
E00025768,255,103,0,0.403921568627451
E00025769,262,82,0,0.31297709923664124
E00025771,189,50,2,0.2751322751322751
E00025772,160,35,0,0.21875
E00025773,258,66,0,0.2558139534883721
E00025774,224,69,0,0.3080357142857143
E00025775,190,53,0,0.2789473684210526
E00025776,242,76,1,0.3181818181818182
E00025777,293,121,2,0.4197952218430034
E00025778,268,71,0,0.26492537313432835
E00025779,209,50,0,0.23923444976076555
E00025780,120,24,0,0.2
E00025781,201,48,0,0.23880597014925373
E00025782,199,64,0,0.32160804020100503
E00025786,225,71,1,0.32
E00025787,242,80,1,0.3347107438016529
E00025788,313,81,0,0.25878594249201275
E00025790,256,57,2,0.23046875
E00025791,228,69,0,0.3026315789473684
E00025793,217,68,0,0.31336405529953915
E00025794,231,73,0,0.31601731601731603
E00025795,248,69,0,0.2782258064516129
E00025796,278,71,0,0.25539568345323743
E00025797,235,58,0,0.24680851063829787
E00025798,247,65,0,0.2631578947368421
E00025799,299,87,0,0.2909698996655518
E00025800,281,61,0,0.21708185053380782
E00025801,258,78,2,0.31007751937984496
E00025802,213,71,0,0.3333333333333333
E00025803,218,105,2,0.4908256880733945
E00025804,176,34,0,0.19318181818181818
E00025805,158,43,0,0.2721518987341772
E00025806,220,88,0,0.4
E00025807,264,108,2,0.4166666666666667
E00025808,224,81,0,0.36160714285714285
E00025809,249,58,2,0.24096385542168675
E00025810,204,70,2,0.35294117647058826
E00025811,227,90,0,0.3964757709251101
E00025812,199,73,0,0.36683417085427134
E00025813,265,86,0,0.32452830188679244
E00025814,264,62,3,0.24621212121212122
E00025815,205,78,0,0.3804878048780488
E00025816,247,94,2,0.38866396761133604
E00025817,259,99,0,0.38223938223938225
E00025818,242,65,2,0.2768595041322314
E00025819,293,86,1,0.29692832764505117
E00025820,256,75,0,0.29296875
E00025821,210,68,0,0.3238095238095238
E00025822,228,80,1,0.35526315789473684
E00025823,250,68,0,0.272
E00025825,262,137,2,0.5305343511450382
E00025826,217,49,0,0.22580645161290322
E00025827,229,87,0,0.3799126637554585
E00025828,221,83,0,0.3755656108597285
E00025829,167,38,0,0.2275449101796407
E00025830,226,68,0,0.3008849557522124
E00025832,358,102,0,0.2849162011173184
E00025833,219,58,4,0.2831050228310502
E00025834,261,93,0,0.3563218390804598
E00025835,307,109,0,0.3550488599348534
E00025836,335,95,4,0.2955223880597015
E00025837,361,125,3,0.3545706371191136
E00025838,245,90,1,0.37142857142857144
E00025840,196,47,1,0.24489795918367346
E00025841,261,99,0,0.3793103448275862
E00025842,254,76,0,0.2992125984251969
E00025843,306,90,0,0.29411764705882354
E00025844,273,67,0,0.2454212454212454
E00025845,252,61,0,0.24206349206349206
E00025846,215,53,1,0.25116279069767444
E00025850,208,61,0,0.2932692307692308
E00025851,253,81,4,0.3359683794466403
E00025852,220,70,0,0.3181818181818182
E00025853,269,116,1,0.4349442379182156
E00025855,193,52,0,0.2694300518134715
E00025856,237,97,0,0.4092827004219409
E00025857,459,201,2,0.4422657952069717
E00025858,232,73,0,0.3146551724137931
E00025859,256,76,0,0.296875
E00025862,242,102,0,0.4214876033057851
E00025863,169,67,0,0.39644970414201186
E00025864,221,66,0,0.2986425339366516
E00025865,263,96,2,0.3726235741444867
E00025866,212,62,0,0.29245283018867924
E00025867,197,50,0,0.25380710659898476
E00025868,215,46,2,0.22325581395348837
E00025869,287,123,2,0.4355400696864111
E00025870,214,56,0,0.2616822429906542
E00025871,201,61,0,0.3034825870646766
E00025872,150,24,0,0.16
E00025873,264,161,0,0.6098484848484849
E00025875,259,98,0,0.3783783783783784
E00025876,218,95,1,0.44036697247706424
E00025877,233,81,0,0.34763948497854075
E00025878,191,53,2,0.2879581151832461
E00025879,254,124,0,0.4881889763779528
E00025880,231,53,2,0.23809523809523808
E00025882,220,73,0,0.33181818181818185
E00025883,149,18,0,0.12080536912751678
E00025884,259,101,0,0.38996138996138996
E00025885,252,129,0,0.5119047619047619
E00025886,242,66,0,0.2727272727272727
E00025887,256,147,0,0.57421875
E00025888,246,72,0,0.2926829268292683
E00025889,231,68,0,0.2943722943722944
E00025890,208,60,1,0.2932692307692308
E00025891,277,159,0,0.5740072202166066
E00025892,173,48,2,0.28901734104046245
E00025893,180,43,0,0.2388888888888889
E00025894,205,63,1,0.3121951219512195
E00025895,260,86,0,0.33076923076923076
E00025896,316,117,0,0.370253164556962
E00025897,233,70,0,0.30042918454935624
E00025898,210,71,0,0.3380952380952381
E00025899,249,122,0,0.4899598393574297
E00025900,237,70,0,0.29535864978902954
E00025901,243,88,0,0.36213991769547327
E00025902,257,116,0,0.45136186770428016
E00025903,189,40,0,0.21164021164021163
E00025904,274,85,1,0.31386861313868614
E00025905,280,115,0,0.4107142857142857
E00025906,231,55,0,0.23809523809523808
E00025907,262,88,0,0.33587786259541985
E00025908,330,148,0,0.4484848484848485
E00025909,282,81,0,0.2872340425531915
E00025910,203,75,0,0.3694581280788177
E00025911,253,91,0,0.35968379446640314
E00025912,230,78,0,0.3391304347826087
E00025913,267,87,0,0.3258426966292135
E00025914,288,118,0,0.4097222222222222
E00025915,241,71,0,0.2946058091286307
E00025916,240,66,2,0.2833333333333333
E00025917,256,85,0,0.33203125
E00025918,234,71,1,0.3076923076923077
E00025919,244,70,0,0.28688524590163933
E00025920,233,84,0,0.3605150214592275
E00025921,243,69,0,0.2839506172839506
E00025922,239,68,0,0.28451882845188287
E00025923,312,111,0,0.3557692307692308
E00025924,284,98,0,0.34507042253521125
E00025925,432,139,0,0.32175925925925924
E00025926,286,97,0,0.33916083916083917
E00025927,269,103,0,0.3828996282527881
E00025928,292,131,0,0.4486301369863014
E00025929,340,170,0,0.5
E00025930,252,146,2,0.5873015873015873
E00025931,337,178,0,0.5281899109792285
E00025932,280,129,0,0.4607142857142857
E00025933,268,168,0,0.6268656716417911
E00025934,259,90,0,0.3474903474903475
E00025935,299,193,0,0.6454849498327759
E00025936,250,93,3,0.384
E00025937,322,192,1,0.5993788819875776
E00025938,253,71,0,0.28063241106719367
E00025939,235,67,0,0.2851063829787234
E00025940,223,62,1,0.2825112107623318
E00025941,244,85,0,0.3483606557377049
E00025942,237,72,0,0.3037974683544304
E00025943,251,67,0,0.26693227091633465
E00025944,168,55,0,0.3273809523809524
E00025945,229,84,0,0.36681222707423583
E00025948,203,38,0,0.18719211822660098
E00025949,195,57,0,0.2923076923076923
E00025950,141,31,0,0.2198581560283688
E00025951,145,24,0,0.16551724137931034
E00025952,136,21,0,0.15441176470588236
E00025953,174,42,0,0.2413793103448276
E00025954,193,44,3,0.24352331606217617
E00025955,201,34,3,0.18407960199004975
E00025957,159,32,2,0.2138364779874214
E00025958,155,54,0,0.34838709677419355
E00025959,185,49,0,0.2648648648648649
E00025961,145,49,0,0.33793103448275863
E00025962,183,58,0,0.31693989071038253
E00025963,228,38,2,0.17543859649122806
E00025964,181,48,0,0.26519337016574585
E00025968,192,50,0,0.2604166666666667
E00025969,173,41,0,0.23699421965317918
E00025970,174,55,0,0.3160919540229885
E00025976,145,37,0,0.25517241379310346
E00025987,319,60,15,0.23510971786833856
E00025988,246,60,0,0.24390243902439024
E00025989,145,3,2,0.034482758620689655
E00025993,158,26,2,0.17721518987341772
E00025994,98,12,0,0.12244897959183673
E00025995,174,52,0,0.2988505747126437
E00025996,252,98,2,0.3968253968253968
E00025997,215,60,0,0.27906976744186046
E00025998,300,144,0,0.48
E00026000,242,84,1,0.3512396694214876
E00026001,309,113,1,0.36893203883495146
E00026002,188,21,0,0.11170212765957446
E00026003,227,65,0,0.28634361233480177
E00026004,215,89,0,0.413953488372093
E00026005,235,102,0,0.4340425531914894
E00026006,264,92,1,0.3522727272727273
E00026007,322,97,0,0.30124223602484473
E00026008,222,48,0,0.21621621621621623
E00026009,218,70,0,0.3211009174311927
E00026010,166,43,0,0.25903614457831325
E00026011,207,80,0,0.3864734299516908
E00026012,225,38,0,0.1688888888888889
E00026014,269,103,7,0.40892193308550184
E00026015,220,61,4,0.29545454545454547
E00026017,260,71,0,0.27307692307692305
E00026018,259,129,0,0.4980694980694981
E00026019,180,23,0,0.12777777777777777
E00026020,252,77,0,0.3055555555555556
E00026021,178,25,4,0.16292134831460675
E00026022,277,110,0,0.3971119133574007
E00026023,180,48,0,0.26666666666666666
E00026024,218,59,0,0.2706422018348624
E00026025,230,74,0,0.3217391304347826
E00026026,182,45,0,0.24725274725274726
E00026027,357,142,2,0.40336134453781514
E00026028,264,62,0,0.23484848484848486
E00026030,254,75,2,0.3031496062992126
E00026031,256,98,6,0.40625
E00026032,247,119,2,0.4898785425101215
E00026033,233,80,1,0.34763948497854075
E00026034,269,72,0,0.26765799256505574
E00026035,299,136,0,0.45484949832775917
E00026036,350,123,0,0.3514285714285714
E00026038,341,175,0,0.5131964809384164
E00026039,275,105,1,0.38545454545454544
E00026040,247,105,0,0.4251012145748988
E00026041,200,42,0,0.21
E00026042,411,169,0,0.41119221411192214
E00026043,365,175,0,0.4794520547945205
E00026045,312,123,0,0.3942307692307692
E00026046,386,184,0,0.47668393782383417
E00026047,266,94,1,0.35714285714285715
E00026048,303,107,0,0.35313531353135313
E00026049,326,163,0,0.5
E00026052,290,122,2,0.42758620689655175
E00026053,271,109,2,0.4095940959409594
E00026054,306,116,1,0.38235294117647056
E00026055,164,29,0,0.17682926829268292
E00026056,322,162,0,0.5031055900621118
E00026057,353,165,5,0.48158640226628896
E00026058,353,177,1,0.5042492917847026
E00026059,249,61,3,0.2570281124497992
E00026060,297,115,0,0.3872053872053872
E00026065,298,167,2,0.5671140939597316
E00026066,258,142,3,0.562015503875969
E00026067,298,104,1,0.3523489932885906
E00026068,249,129,0,0.5180722891566265
E00026069,333,168,0,0.5045045045045045
E00026070,317,173,0,0.5457413249211357
E00026071,240,84,0,0.35
E00026072,380,198,0,0.5210526315789473
E00026073,268,117,0,0.43656716417910446
E00026075,244,98,2,0.4098360655737705
E00026076,235,85,3,0.37446808510638296
E00026077,273,57,3,0.21978021978021978
E00026078,242,106,2,0.4462809917355372
E00026079,247,70,2,0.291497975708502
E00026080,216,73,0,0.33796296296296297
E00026081,223,69,0,0.3094170403587444
E00026082,221,50,6,0.25339366515837103
E00026083,214,60,3,0.29439252336448596
E00026084,233,72,2,0.31759656652360513
E00026085,188,55,0,0.2925531914893617
E00026086,213,65,2,0.3145539906103286
E00026087,313,79,8,0.2779552715654952
E00026088,253,74,4,0.308300395256917
E00026089,236,107,4,0.4703389830508475
E00026090,289,88,4,0.31833910034602075
E00026091,292,167,5,0.589041095890411
E00026092,197,58,0,0.29441624365482233
E00026093,247,129,3,0.5344129554655871
E00026094,244,155,5,0.6557377049180327
E00026095,243,67,6,0.3004115226337449
E00026096,229,62,0,0.27074235807860264
E00026097,262,121,2,0.46946564885496184
E00026098,256,101,1,0.3984375
E00026099,230,94,1,0.41304347826086957
E00026100,350,57,0,0.16285714285714287
E00026101,224,77,2,0.35267857142857145
E00026102,244,125,2,0.5204918032786885
E00026103,218,83,5,0.4036697247706422
E00026104,233,32,0,0.13733905579399142
E00026105,227,72,6,0.3436123348017621
E00026106,209,86,5,0.4354066985645933
E00026107,257,98,2,0.38910505836575876
E00026108,169,27,1,0.16568047337278108
E00026109,334,36,6,0.12574850299401197
E00026110,228,49,0,0.2149122807017544
E00026111,220,62,2,0.2909090909090909
E00026112,323,38,5,0.13312693498452013
E00026113,338,41,0,0.12130177514792899
E00026114,329,57,2,0.17933130699088146
E00026115,255,60,4,0.25098039215686274
E00026116,166,22,0,0.13253012048192772
E00026117,215,46,4,0.23255813953488372
E00026118,258,35,0,0.13565891472868216
E00026119,241,53,3,0.23236514522821577
E00026120,266,94,2,0.3609022556390977
E00026121,301,123,2,0.4152823920265781
E00026122,219,70,0,0.319634703196347
E00026123,277,64,0,0.23104693140794225
E00026124,270,63,2,0.24074074074074073
E00026125,274,125,2,0.4635036496350365
E00026126,238,82,4,0.36134453781512604
E00026127,274,44,0,0.16058394160583941
E00026128,326,109,0,0.3343558282208589
E00026129,288,102,1,0.3576388888888889
E00026130,252,148,0,0.5873015873015873
E00026131,240,111,8,0.49583333333333335
E00026132,319,154,0,0.4827586206896552
E00026133,216,91,2,0.4305555555555556
E00026134,247,104,2,0.4291497975708502
E00026136,358,158,0,0.441340782122905
E00026137,350,182,0,0.52
E00026138,116,17,6,0.19827586206896552
E00026139,247,131,4,0.5465587044534413
E00026140,266,156,0,0.5864661654135338
E00026141,199,85,4,0.4472361809045226
E00026142,168,55,0,0.3273809523809524
E00026143,252,115,0,0.45634920634920634
E00026144,267,136,0,0.5093632958801498
E00026145,198,36,2,0.1919191919191919
E00026146,213,87,0,0.4084507042253521
E00026147,353,191,0,0.5410764872521246
E00026148,221,87,0,0.3936651583710407
E00026149,249,123,2,0.5020080321285141
E00026150,251,101,0,0.40239043824701193
E00026151,302,127,0,0.4205298013245033
E00026152,250,122,3,0.5
E00026153,284,78,1,0.27816901408450706
E00026154,248,58,0,0.23387096774193547
E00026155,301,158,0,0.5249169435215947
E00026156,167,45,0,0.2694610778443114
E00026157,223,95,0,0.4260089686098655
E00026158,303,140,1,0.46534653465346537
E00026159,326,127,4,0.401840490797546
E00026160,274,119,1,0.43795620437956206
E00026161,278,125,2,0.4568345323741007
E00026162,265,113,0,0.42641509433962266
E00026163,278,146,0,0.5251798561151079
E00026164,395,168,0,0.4253164556962025
E00026165,277,150,0,0.5415162454873647
E00026166,202,42,0,0.2079207920792079
E00026167,323,178,0,0.5510835913312694
E00026168,256,132,0,0.515625
E00026169,220,62,4,0.3
E00026170,252,148,2,0.5952380952380952
E00026171,262,123,0,0.46946564885496184
E00026172,283,73,2,0.26501766784452296
E00026173,266,149,0,0.5601503759398496
E00026174,155,67,0,0.432258064516129
E00026175,197,65,2,0.3401015228426396
E00026176,232,60,0,0.25862068965517243
E00026177,287,48,4,0.18118466898954705
E00026178,257,138,0,0.5369649805447471
E00026179,258,120,2,0.4728682170542636
E00026180,196,72,0,0.3673469387755102
E00026181,270,134,0,0.4962962962962963
E00026182,232,69,2,0.30603448275862066
E00026183,344,168,2,0.4941860465116279
E00026184,229,45,2,0.2052401746724891
E00026185,286,142,2,0.5034965034965035
E00026186,267,82,4,0.32209737827715357
E00026187,319,84,0,0.26332288401253917
E00026188,273,152,2,0.5641025641025641
E00026189,278,127,0,0.4568345323741007
E00026190,263,58,0,0.22053231939163498
E00026191,206,79,0,0.38349514563106796
E00026192,271,114,4,0.4354243542435424
E00026193,235,45,2,0.2
E00026194,309,57,0,0.18446601941747573
E00026195,223,54,4,0.2600896860986547
E00026196,215,60,2,0.28837209302325584
E00026197,213,81,6,0.4084507042253521
E00026198,308,144,0,0.4675324675324675
E00026199,296,149,0,0.5033783783783784
E00026200,236,144,0,0.6101694915254238
E00026201,229,73,2,0.32751091703056767
E00026202,285,140,0,0.49122807017543857
E00026203,245,128,4,0.5387755102040817
E00026204,325,100,0,0.3076923076923077
E00026205,256,120,0,0.46875
E00026206,242,145,2,0.6074380165289256
E00026207,284,118,2,0.4225352112676056
E00026208,432,135,0,0.3125
E00026209,284,149,0,0.5246478873239436
E00026210,212,81,0,0.38207547169811323
E00026211,279,151,0,0.5412186379928315
E00026212,299,124,2,0.4214046822742475
E00026213,245,126,0,0.5142857142857142
E00026214,202,81,0,0.400990099009901
E00026215,235,116,2,0.502127659574468
E00026216,261,132,0,0.5057471264367817
E00026217,225,121,0,0.5377777777777778
E00026218,249,89,0,0.357429718875502
E00026219,260,58,0,0.2230769230769231
E00026220,261,94,0,0.36015325670498083
E00026221,226,66,0,0.2920353982300885
E00026222,396,90,4,0.23737373737373738
E00026223,330,107,0,0.3242424242424242
E00026224,382,131,0,0.34293193717277487
E00026225,422,141,1,0.33649289099526064
E00026226,390,45,0,0.11538461538461539
E00026227,190,46,0,0.24210526315789474
E00026228,351,101,4,0.29914529914529914
E00026230,329,137,0,0.41641337386018235
E00026231,203,71,0,0.3497536945812808
E00026232,188,54,0,0.2872340425531915
E00026233,319,91,2,0.29153605015673983
E00026234,299,80,0,0.26755852842809363
E00026235,454,171,2,0.381057268722467
E00026236,162,35,0,0.21604938271604937
E00026237,226,66,0,0.2920353982300885
E00026238,354,178,2,0.5084745762711864
E00026239,447,123,0,0.2751677852348993
E00026241,330,116,0,0.3515151515151515
E00026242,299,88,0,0.29431438127090304
E00026243,349,154,2,0.4469914040114613
E00026244,182,43,2,0.24725274725274726
E00026245,422,87,2,0.2109004739336493
E00026246,311,108,0,0.34726688102893893
E00026247,266,91,2,0.34962406015037595
E00026248,434,136,0,0.31336405529953915
E00026250,245,78,0,0.3183673469387755
E00026251,573,13,0,0.02268760907504363
E00026252,456,168,2,0.37280701754385964
E00026253,539,2,0,0.0037105751391465678
E00026254,211,60,0,0.2843601895734597
E00026255,279,88,0,0.3154121863799283
E00026256,304,93,0,0.3059210526315789
E00026257,244,70,0,0.28688524590163933
E00026258,208,46,0,0.22115384615384615
E00026259,215,62,0,0.28837209302325584
E00026260,211,67,0,0.3175355450236967
E00026261,226,68,0,0.3008849557522124
E00026262,162,53,0,0.3271604938271605
E00026263,257,85,1,0.3346303501945525
E00026264,227,81,2,0.3656387665198238
E00026265,198,73,0,0.3686868686868687
E00026266,232,68,0,0.29310344827586204
E00026267,243,92,0,0.3786008230452675
E00026268,246,101,3,0.42276422764227645
E00026269,265,94,0,0.35471698113207545
E00026270,268,86,0,0.3208955223880597
E00026272,244,102,0,0.4180327868852459
E00026273,226,94,0,0.415929203539823
E00026274,323,115,2,0.3622291021671827
E00026275,315,167,2,0.5365079365079365
E00026276,265,107,0,0.4037735849056604
E00026277,259,94,2,0.37065637065637064
E00026278,230,54,4,0.25217391304347825
E00026279,219,41,2,0.1963470319634703
E00026280,122,23,0,0.1885245901639344
E00026281,202,84,2,0.42574257425742573
E00026282,265,91,0,0.3433962264150943
E00026283,343,119,0,0.3469387755102041
E00026284,237,63,0,0.26582278481012656
E00026285,209,81,0,0.3875598086124402
E00026286,205,54,1,0.2682926829268293
E00026287,237,71,0,0.29957805907172996
E00026288,327,103,0,0.3149847094801223
E00026289,240,60,0,0.25
E00026290,222,49,3,0.23423423423423423
E00026291,255,75,0,0.29411764705882354
E00026292,231,120,0,0.5194805194805194
E00026293,227,83,2,0.3744493392070485
E00026294,266,86,0,0.3233082706766917
E00026295,236,105,0,0.4449152542372881
E00026296,219,82,0,0.3744292237442922
E00026297,195,85,0,0.4358974358974359
E00026298,296,103,1,0.35135135135135137
E00026299,251,72,0,0.2868525896414343
E00026300,208,86,0,0.41346153846153844
E00026301,291,123,2,0.42955326460481097
E00026302,266,95,1,0.3609022556390977
E00026303,296,96,0,0.32432432432432434
E00026304,254,89,0,0.35039370078740156
E00026305,255,62,2,0.25098039215686274
E00026306,321,87,0,0.27102803738317754
E00026307,314,80,1,0.25796178343949044
E00026308,290,110,0,0.3793103448275862
E00026309,197,72,0,0.36548223350253806
E00026310,343,178,3,0.5276967930029155
E00026312,332,117,0,0.35240963855421686
E00026313,220,87,1,0.4
E00026314,306,144,2,0.477124183006536
E00026315,433,160,0,0.3695150115473441
E00026316,310,125,0,0.4032258064516129
E00026317,258,53,0,0.2054263565891473
E00026318,175,42,0,0.24
E00026319,239,77,1,0.3263598326359833
E00026320,239,85,2,0.36401673640167365
E00026321,232,52,0,0.22413793103448276
E00026322,220,53,2,0.25
E00026323,289,107,0,0.370242214532872
E00026324,227,63,0,0.2775330396475771
E00026325,279,104,0,0.3727598566308244
E00026326,246,80,2,0.3333333333333333
E00026327,198,57,2,0.29797979797979796
E00026328,288,111,2,0.3923611111111111
E00026329,274,74,0,0.27007299270072993
E00026330,227,103,0,0.45374449339207046
E00026331,266,89,0,0.33458646616541354
E00026332,219,76,0,0.3470319634703196
E00026333,253,84,2,0.33992094861660077
E00026334,338,121,2,0.363905325443787
E00026335,258,68,0,0.26356589147286824
E00026336,202,47,0,0.23267326732673269
E00026337,158,23,0,0.14556962025316456
E00026338,328,160,0,0.4878048780487805
E00026340,409,219,0,0.5354523227383863
E00026341,349,167,0,0.4785100286532951
E00026342,260,129,0,0.49615384615384617
E00026343,251,77,4,0.32270916334661354
E00026344,316,77,2,0.25
E00026345,300,46,0,0.15333333333333332
E00026346,253,96,2,0.38735177865612647
E00026348,311,106,0,0.3408360128617363
E00026349,311,52,0,0.16720257234726688
E00026350,241,78,0,0.3236514522821577
E00026351,211,37,0,0.17535545023696683
E00026352,223,74,2,0.34080717488789236
E00026353,362,97,0,0.26795580110497236
E00026354,246,82,0,0.3333333333333333
E00026355,320,88,0,0.275
E00026356,204,49,0,0.24019607843137256
E00026357,204,61,0,0.29901960784313725
E00026358,194,50,0,0.25773195876288657
E00026359,344,105,0,0.30523255813953487
E00026360,179,35,0,0.19553072625698323
E00026361,248,91,0,0.36693548387096775
E00026362,310,87,3,0.2903225806451613
E00026363,223,54,0,0.242152466367713
E00026364,181,40,0,0.22099447513812154
E00026365,210,53,0,0.2523809523809524
E00026366,256,63,1,0.25
E00026367,192,40,0,0.20833333333333334
E00026369,229,60,0,0.26200873362445415
E00026371,289,66,2,0.23529411764705882
E00026372,288,66,1,0.2326388888888889
E00026373,216,57,0,0.2638888888888889
E00026374,228,86,2,0.38596491228070173
E00026375,342,161,2,0.4766081871345029
E00026376,254,104,0,0.4094488188976378
E00026378,371,64,0,0.1725067385444744
E00026379,187,16,0,0.0855614973262032
E00026381,173,34,6,0.23121387283236994
E00026383,331,63,2,0.19637462235649547
E00026384,196,45,0,0.22959183673469388
E00026386,411,62,6,0.1654501216545012
E00026387,193,38,0,0.19689119170984457
E00026390,1430,21,0,0.014685314685314685
E00026392,201,35,0,0.17412935323383086
E00026393,159,22,4,0.16352201257861634
E00026395,261,68,0,0.26053639846743293
E00026396,95,41,1,0.4421052631578947
E00026397,275,49,0,0.1781818181818182
E00026398,196,54,1,0.28061224489795916
E00026400,191,42,5,0.24607329842931938
E00026401,278,45,0,0.1618705035971223
E00026402,251,52,0,0.20717131474103587
E00026403,225,50,2,0.2311111111111111
E00026405,169,42,0,0.2485207100591716
E00026406,193,44,2,0.23834196891191708
E00026407,168,37,2,0.23214285714285715
E00026408,138,63,0,0.45652173913043476
E00026409,235,43,0,0.1829787234042553
E00026410,231,68,0,0.2943722943722944
E00026411,322,121,2,0.38198757763975155
E00026412,306,112,0,0.3660130718954248
E00026413,345,117,2,0.34492753623188405
E00026414,236,105,2,0.4533898305084746
E00026415,379,191,0,0.503957783641161
E00026416,309,136,4,0.45307443365695793
E00026417,399,74,0,0.18546365914786966
E00026418,265,75,0,0.2830188679245283
E00026419,275,82,0,0.29818181818181816
E00026420,272,87,0,0.31985294117647056
E00026421,260,114,0,0.43846153846153846
E00026422,236,82,8,0.3813559322033898
E00026423,281,127,0,0.45195729537366547
E00026424,231,60,0,0.2597402597402597
E00026425,159,77,3,0.5031446540880503
E00026426,348,199,0,0.5718390804597702
E00026427,277,135,4,0.5018050541516246
E00026428,244,76,2,0.319672131147541
E00026429,230,85,0,0.3695652173913043
E00026430,272,86,0,0.3161764705882353
E00026431,282,124,3,0.450354609929078
E00026432,274,144,2,0.5328467153284672
E00026433,270,122,0,0.45185185185185184
E00026434,324,181,0,0.558641975308642
E00026435,290,124,0,0.42758620689655175
E00026436,292,125,4,0.4417808219178082
E00026437,385,167,6,0.44935064935064933
E00026438,248,142,0,0.5725806451612904
E00026439,237,64,0,0.270042194092827
E00026440,269,80,0,0.29739776951672864
E00026441,285,117,0,0.4105263157894737
E00026442,272,104,0,0.38235294117647056
E00026443,270,104,0,0.3851851851851852
E00026444,283,109,4,0.3992932862190813
E00026445,321,78,5,0.2585669781931464
E00026446,382,101,1,0.2670157068062827
E00026447,292,137,4,0.4828767123287671
E00026448,320,105,4,0.340625
E00026449,297,89,0,0.2996632996632997
E00026450,246,94,0,0.3821138211382114
E00026451,240,66,6,0.3
E00026452,276,104,0,0.37681159420289856
E00026453,289,89,4,0.3217993079584775
E00026454,184,47,0,0.2554347826086957
E00026455,238,72,1,0.3067226890756303
E00026457,216,72,2,0.3425925925925926
E00026458,263,105,0,0.39923954372623577
E00026459,259,96,0,0.37065637065637064
E00026460,189,68,0,0.35978835978835977
E00026461,356,151,2,0.4297752808988764
E00026462,181,48,2,0.27624309392265195
E00026463,332,118,0,0.35542168674698793
E00026464,252,92,0,0.36507936507936506
E00026465,228,87,3,0.39473684210526316
E00026466,306,102,1,0.3366013071895425
E00026467,197,55,0,0.27918781725888325
E00026468,242,106,0,0.4380165289256198
E00026469,260,113,0,0.4346153846153846
E00026470,320,125,2,0.396875
E00026471,227,65,1,0.2907488986784141
E00026472,300,89,0,0.2966666666666667
E00026473,153,60,1,0.39869281045751637
E00026474,235,50,2,0.22127659574468084
E00026475,179,61,0,0.3407821229050279
E00026476,247,57,0,0.23076923076923078
E00026477,282,92,1,0.32978723404255317
E00026478,199,28,0,0.1407035175879397
E00026479,186,19,0,0.10215053763440861
E00026480,280,120,2,0.4357142857142857
E00026481,260,124,0,0.47692307692307695
E00026482,277,167,0,0.6028880866425993
E00026483,256,111,0,0.43359375
E00026484,249,68,0,0.27309236947791166
E00026485,260,130,0,0.5
E00026487,223,86,0,0.38565022421524664
E00026488,216,64,2,0.3055555555555556
E00026489,244,129,2,0.5368852459016393
E00026490,213,42,0,0.19718309859154928
E00026491,301,158,0,0.5249169435215947
E00026492,257,75,0,0.2918287937743191
E00026493,495,95,0,0.1919191919191919
E00026494,392,131,0,0.33418367346938777
E00026495,353,168,0,0.47592067988668557
E00026496,380,213,0,0.5605263157894737
E00026497,194,71,0,0.36597938144329895
E00026498,267,107,0,0.40074906367041196
E00026501,249,116,0,0.46586345381526106
E00026502,281,108,0,0.38434163701067614
E00026503,301,123,0,0.40863787375415284
E00026504,399,89,0,0.22305764411027568
E00026505,303,82,0,0.2706270627062706
E00026506,334,160,0,0.47904191616766467
E00026507,362,128,0,0.35359116022099446
E00026508,280,114,0,0.40714285714285714
E00026509,347,146,0,0.4207492795389049
E00026510,410,69,0,0.16829268292682928
E00026511,290,143,0,0.49310344827586206
E00026512,309,143,0,0.4627831715210356
E00026513,354,166,0,0.4689265536723164
E00026514,404,170,0,0.4207920792079208
E00026515,325,138,0,0.4246153846153846
E00026516,364,181,0,0.49725274725274726
E00026517,347,164,2,0.4783861671469741
E00026518,360,172,0,0.4777777777777778
E00026519,440,217,0,0.49318181818181817
E00026520,396,189,1,0.4797979797979798
E00026521,344,176,0,0.5116279069767442
E00026522,363,164,0,0.45179063360881544
E00026523,346,194,1,0.5635838150289018
E00026524,223,77,0,0.3452914798206278
E00026525,263,110,0,0.41825095057034223
E00026526,233,97,2,0.4248927038626609
E00026527,240,80,1,0.3375
E00026528,238,67,0,0.2815126050420168
E00026529,133,23,0,0.17293233082706766
E00026530,377,34,0,0.09018567639257294
E00026531,320,103,1,0.325
E00026532,248,58,0,0.23387096774193547
E00026533,531,52,1,0.09981167608286252
E00026534,336,73,0,0.21726190476190477
E00026535,324,99,0,0.3055555555555556
E00026536,312,72,0,0.23076923076923078
E00026537,300,100,2,0.34
E00026539,274,78,0,0.2846715328467153
E00026540,234,66,0,0.28205128205128205
E00026541,302,112,2,0.37748344370860926
E00026542,252,86,0,0.3412698412698413
E00026543,266,90,0,0.3383458646616541
E00026544,339,108,0,0.3185840707964602
E00026545,303,85,1,0.2838283828382838
E00026546,289,79,0,0.27335640138408307
E00026547,303,90,2,0.30363036303630364
E00026548,291,113,0,0.38831615120274915
E00026549,379,112,4,0.30606860158311344
E00026550,372,126,2,0.34408602150537637
E00026551,422,137,0,0.3246445497630332
E00026552,214,69,0,0.32242990654205606
E00026553,341,107,0,0.31378299120234604
E00026554,289,106,1,0.370242214532872
E00026555,320,79,0,0.246875
E00026556,299,67,0,0.22408026755852842
E00026557,264,74,1,0.2840909090909091
E00026558,298,61,2,0.21140939597315436
E00026559,334,107,0,0.3203592814371258
E00026561,255,82,0,0.3215686274509804
E00026563,244,73,2,0.3073770491803279
E00026564,260,66,0,0.25384615384615383
E00026565,235,72,2,0.3148936170212766
E00026566,446,90,0,0.20179372197309417
E00026567,353,101,0,0.28611898016997167
E00026568,450,79,0,0.17555555555555555
E00026569,308,84,0,0.2727272727272727
E00026570,283,95,0,0.33568904593639576
E00026571,238,35,0,0.14705882352941177
E00026572,257,99,0,0.3852140077821012
E00026573,234,47,0,0.20085470085470086
E00026574,222,73,0,0.32882882882882886
E00026575,262,100,0,0.3816793893129771
E00026576,264,131,0,0.4962121212121212
E00026577,267,121,3,0.46441947565543074
E00026578,260,84,2,0.33076923076923076
E00026579,269,81,1,0.3048327137546468
E00026580,250,88,2,0.36
E00026581,246,106,2,0.43902439024390244
E00026582,196,50,0,0.25510204081632654
E00026583,128,33,0,0.2578125
E00026584,272,75,0,0.2757352941176471
E00026585,260,75,0,0.28846153846153844
E00026586,320,86,0,0.26875
E00026587,268,80,3,0.30970149253731344
E00026588,245,62,0,0.2530612244897959
E00026589,234,83,0,0.3547008547008547
E00026590,282,146,2,0.524822695035461
E00026591,293,111,0,0.378839590443686
E00026592,289,120,0,0.41522491349480967
E00026593,293,118,0,0.40273037542662116
E00026594,249,100,0,0.40160642570281124
E00026595,235,60,0,0.2553191489361702
E00026596,260,130,0,0.5
E00026597,235,96,2,0.41702127659574467
E00026598,206,64,0,0.3106796116504854
E00026599,265,84,1,0.32075471698113206
E00026600,248,85,0,0.34274193548387094
E00026601,225,125,0,0.5555555555555556
E00026602,257,143,0,0.556420233463035
E00026603,268,125,1,0.4701492537313433
E00026604,232,76,0,0.3275862068965517
E00026605,228,91,0,0.3991228070175439
E00026606,182,45,0,0.24725274725274726
E00026607,380,155,0,0.40789473684210525
E00026608,246,119,0,0.483739837398374
E00026609,254,106,0,0.41732283464566927
E00026610,227,132,0,0.5814977973568282
E00026611,307,107,0,0.3485342019543974
E00026612,366,129,1,0.3551912568306011
E00026613,222,85,2,0.3918918918918919
E00026614,231,71,1,0.3116883116883117
E00026615,250,118,0,0.472
E00026616,231,56,0,0.24242424242424243
E00026617,230,65,0,0.2826086956521739
E00026618,226,86,0,0.3805309734513274
E00026619,202,38,3,0.20297029702970298
E00026620,224,48,0,0.21428571428571427
E00026621,228,96,0,0.42105263157894735
E00026622,183,41,0,0.22404371584699453
E00026623,254,117,0,0.46062992125984253
E00026624,272,73,0,0.26838235294117646
E00026625,240,126,0,0.525
E00026626,194,51,1,0.26804123711340205
E00026627,236,77,0,0.326271186440678
E00026628,280,120,0,0.42857142857142855
E00026629,224,57,1,0.25892857142857145
E00026630,228,54,0,0.23684210526315788
E00026631,186,58,0,0.3118279569892473
E00026632,196,32,2,0.17346938775510204
E00026633,371,109,3,0.3018867924528302
E00026634,269,76,0,0.2825278810408922
E00026635,233,63,0,0.2703862660944206
E00026636,252,92,2,0.373015873015873
E00026637,386,94,4,0.2538860103626943
E00026638,255,75,0,0.29411764705882354
E00026639,281,91,0,0.3238434163701068
E00026640,231,59,0,0.2554112554112554
E00026641,192,39,0,0.203125
E00026642,257,78,0,0.3035019455252918
E00026643,231,72,0,0.3116883116883117
E00026644,238,54,2,0.23529411764705882
E00026645,217,64,0,0.29493087557603687
E00026646,248,63,0,0.2540322580645161
E00026647,200,45,0,0.225
E00026648,188,56,0,0.2978723404255319
E00026649,212,76,0,0.3584905660377358
E00026650,213,44,0,0.20657276995305165
E00026651,193,62,0,0.32124352331606215
E00026652,220,60,2,0.2818181818181818
E00026653,274,84,2,0.31386861313868614
E00026654,198,58,0,0.29292929292929293
E00026655,232,74,0,0.31896551724137934
E00026656,420,180,0,0.42857142857142855
E00026657,125,31,1,0.256
E00026658,161,35,0,0.21739130434782608
E00026659,196,67,0,0.34183673469387754
E00026660,309,103,0,0.3333333333333333
E00026661,251,111,2,0.450199203187251
E00026662,232,76,2,0.33620689655172414
E00026663,279,137,0,0.4910394265232975
E00026664,230,83,0,0.36086956521739133
E00026665,260,69,0,0.2653846153846154
E00026666,211,57,0,0.27014218009478674
E00026667,256,130,2,0.515625
E00026668,271,83,2,0.31365313653136534
E00026669,399,127,1,0.3208020050125313
E00026670,260,77,0,0.29615384615384616
E00026671,257,70,0,0.2723735408560311
E00026672,251,98,0,0.3904382470119522
E00026673,228,67,0,0.29385964912280704
E00026674,286,96,0,0.3356643356643357
E00026675,256,119,0,0.46484375
E00026676,233,44,0,0.1888412017167382
E00026677,250,95,0,0.38
E00026678,247,99,4,0.41700404858299595
E00026679,302,157,0,0.5198675496688742
E00026680,213,63,0,0.29577464788732394
E00026681,197,67,2,0.350253807106599
E00026682,245,79,3,0.3346938775510204
E00026683,264,132,0,0.5
E00026684,310,139,1,0.45161290322580644
E00026685,244,105,0,0.430327868852459
E00026686,165,29,0,0.17575757575757575
E00026687,209,41,2,0.20574162679425836
E00026688,241,118,0,0.4896265560165975
E00026689,346,125,3,0.3699421965317919
E00026690,217,70,2,0.3317972350230415
E00026691,227,120,0,0.5286343612334802
E00026692,268,140,2,0.5298507462686567
E00026693,202,73,0,0.3613861386138614
E00026694,196,46,1,0.23979591836734693
E00026695,227,76,0,0.33480176211453744
E00026696,243,63,0,0.25925925925925924
E00026697,241,88,0,0.3651452282157676
E00026698,241,104,0,0.4315352697095436
E00026699,237,72,2,0.31223628691983124
E00026700,265,55,0,0.20754716981132076
E00026701,371,56,2,0.15633423180592992
E00026702,394,49,0,0.12436548223350254
E00026703,395,47,0,0.1189873417721519
E00026704,270,75,0,0.2777777777777778
E00026705,286,98,0,0.34265734265734266
E00026706,225,59,0,0.26222222222222225
E00026707,263,71,0,0.26996197718631176
E00026708,326,55,2,0.17484662576687116
E00026709,301,43,0,0.14285714285714285
E00026710,291,15,0,0.05154639175257732
E00026711,199,42,0,0.21105527638190955
E00026712,229,51,2,0.2314410480349345
E00026713,320,81,6,0.271875
E00026714,230,16,0,0.06956521739130435
E00026715,291,102,0,0.35051546391752575
E00026716,227,28,0,0.12334801762114538
E00026717,231,84,0,0.36363636363636365
E00026718,331,40,0,0.12084592145015106
E00026719,226,118,2,0.5309734513274337
E00026720,313,164,2,0.5303514376996805
E00026721,349,53,0,0.1518624641833811
E00026722,394,97,0,0.24619289340101522
E00026723,396,29,2,0.07828282828282829
E00026724,388,117,3,0.30927835051546393
E00026725,214,73,0,0.3411214953271028
E00026726,545,24,2,0.047706422018348627
E00026727,238,70,2,0.3025210084033613
E00026728,443,86,0,0.19413092550790068
E00026730,346,104,0,0.30057803468208094
E00026731,252,76,0,0.30158730158730157
E00026732,270,29,0,0.10740740740740741
E00026733,226,79,0,0.3495575221238938
E00026734,436,60,1,0.13990825688073394
E00026735,284,90,0,0.31690140845070425
E00026736,284,76,0,0.2676056338028169
E00026737,248,74,0,0.29838709677419356
E00026738,451,14,1,0.03325942350332594
E00026739,241,71,0,0.2946058091286307
E00026740,287,36,0,0.1254355400696864
E00026741,270,31,0,0.11481481481481481
E00026742,257,70,0,0.2723735408560311
E00026743,243,67,0,0.2757201646090535
E00026744,203,59,0,0.29064039408866993
E00026745,245,56,0,0.22857142857142856
E00026746,307,44,0,0.14332247557003258
E00026747,250,98,0,0.392
E00026748,441,57,1,0.13151927437641722
E00026749,205,49,0,0.23902439024390243
E00026750,341,147,0,0.4310850439882698
E00026751,360,180,0,0.5
E00026752,305,35,0,0.11475409836065574
E00026753,330,137,3,0.42424242424242425
E00026754,357,150,4,0.43137254901960786
E00026755,301,153,1,0.5116279069767442
E00026756,416,76,0,0.18269230769230768
E00026758,604,3,0,0.004966887417218543
E00026759,293,31,0,0.10580204778156997
E00026760,537,11,1,0.0223463687150838
E00026761,176,40,0,0.22727272727272727
E00026764,458,55,3,0.12663755458515283
E00026765,419,120,0,0.2863961813842482
E00026766,461,88,6,0.2039045553145336
E00026767,339,109,0,0.3215339233038348
E00026768,307,112,0,0.36482084690553745
E00026769,293,94,0,0.32081911262798635
E00026770,377,175,2,0.46949602122015915
E00026771,241,71,0,0.2946058091286307
E00026772,356,67,6,0.2050561797752809
E00026773,285,78,2,0.2807017543859649
E00026774,260,69,0,0.2653846153846154
E00026775,371,122,0,0.3288409703504043
E00026776,143,25,2,0.1888111888111888
E00026777,212,59,0,0.2783018867924528
E00026778,282,125,0,0.4432624113475177
E00026779,290,129,0,0.44482758620689655
E00026780,368,41,0,0.11141304347826086
E00026781,389,85,0,0.2185089974293059
E00026782,348,54,0,0.15517241379310345
E00026783,340,149,0,0.43823529411764706
E00026784,346,159,1,0.4624277456647399
E00026785,352,103,0,0.29261363636363635
E00026786,209,71,0,0.3397129186602871
E00026787,282,85,0,0.30141843971631205
E00026788,217,78,0,0.35944700460829493
E00026789,205,83,0,0.40487804878048783
E00026790,240,86,0,0.35833333333333334
E00026791,210,52,3,0.2619047619047619
E00026792,226,66,0,0.2920353982300885
E00026793,235,59,0,0.251063829787234
E00026795,248,85,0,0.34274193548387094
E00026796,258,70,0,0.2713178294573643
E00026797,245,98,0,0.4
E00026798,232,48,0,0.20689655172413793
E00026799,190,18,0,0.09473684210526316
E00026800,260,137,0,0.5269230769230769
E00026801,257,150,0,0.5836575875486382
E00026802,273,132,0,0.4835164835164835
E00026803,276,158,0,0.572463768115942
E00026804,282,147,0,0.5212765957446809
E00026806,370,127,0,0.34324324324324323
E00026807,218,76,0,0.3486238532110092
E00026808,197,73,0,0.37055837563451777
E00026809,201,52,0,0.25870646766169153
E00026810,165,39,1,0.24242424242424243
E00026811,215,47,0,0.2186046511627907
E00026812,245,78,0,0.3183673469387755
E00026813,255,95,0,0.37254901960784315
E00026814,216,64,0,0.2962962962962963
E00026815,249,65,1,0.26506024096385544
E00026816,268,86,1,0.3246268656716418
E00026817,238,78,1,0.3319327731092437
E00026818,240,82,0,0.3416666666666667
E00026819,224,68,0,0.30357142857142855
E00026821,328,175,0,0.5335365853658537
E00026822,344,177,0,0.5145348837209303
E00026823,341,110,0,0.3225806451612903
E00026824,276,132,0,0.4782608695652174
E00026825,216,55,2,0.2638888888888889
E00026826,283,140,2,0.5017667844522968
E00026827,294,143,0,0.48639455782312924
E00026828,303,170,0,0.5610561056105611
E00026829,269,121,0,0.44981412639405205
E00026830,304,164,4,0.5526315789473685
E00026831,268,57,3,0.22388059701492538
E00026832,323,88,6,0.29102167182662536
E00026833,395,86,3,0.22531645569620254
E00026834,288,60,5,0.22569444444444445
E00026835,277,56,0,0.20216606498194944
E00026837,213,65,0,0.3051643192488263
E00026838,228,61,2,0.27631578947368424
E00026840,165,27,0,0.16363636363636364
E00026841,306,81,2,0.27124183006535946
E00026842,329,143,0,0.43465045592705165
E00026843,287,78,4,0.2857142857142857
E00026844,255,89,2,0.3568627450980392
E00026845,378,127,4,0.34656084656084657
E00026846,244,97,2,0.4057377049180328
E00026847,275,122,2,0.4509090909090909
E00026848,298,116,0,0.38926174496644295
E00026849,326,139,2,0.4325153374233129
E00026850,377,126,2,0.3395225464190981
E00026851,335,126,4,0.3880597014925373
E00026852,292,137,0,0.4691780821917808
E00026854,411,129,4,0.3236009732360097
E00026855,259,113,0,0.4362934362934363
E00026856,245,79,0,0.3224489795918367
E00026857,301,149,6,0.5149501661129569
E00026858,315,137,0,0.43492063492063493
E00026859,91,23,0,0.25274725274725274
E00026860,250,136,0,0.544
E00026861,291,88,0,0.3024054982817869
E00026862,342,67,0,0.195906432748538
E00026863,333,44,0,0.13213213213213212
E00026864,311,94,2,0.3086816720257235
E00026865,375,120,2,0.3253333333333333
E00026866,327,66,2,0.20795107033639143
E00026867,314,17,1,0.05732484076433121
E00026868,215,40,0,0.18604651162790697
E00026869,230,31,0,0.13478260869565217
E00026870,363,63,0,0.17355371900826447
E00026871,403,39,2,0.10173697270471464
E00026872,340,92,0,0.27058823529411763
E00026873,357,34,0,0.09523809523809523
E00026874,342,113,0,0.3304093567251462
E00026875,283,47,0,0.16607773851590105
E00026876,360,117,2,0.33055555555555555
E00026877,498,170,0,0.3413654618473896
E00026878,477,59,1,0.12578616352201258
E00026879,378,97,2,0.2619047619047619
E00026880,359,106,0,0.29526462395543174
E00026881,283,63,0,0.2226148409893993
E00026882,257,67,4,0.27626459143968873
E00026883,270,81,0,0.3
E00026884,251,64,0,0.2549800796812749
E00026885,257,109,0,0.42412451361867703
E00026886,239,142,2,0.602510460251046
E00026887,215,68,0,0.31627906976744186
E00026888,270,88,2,0.3333333333333333
E00026889,320,128,0,0.4
E00026890,275,124,0,0.4509090909090909
E00026891,209,62,0,0.2966507177033493
E00026892,268,19,0,0.0708955223880597
E00026893,487,50,0,0.1026694045174538
E00026894,477,12,0,0.025157232704402517
E00026895,243,49,0,0.20164609053497942
E00026896,201,35,0,0.17412935323383086
E00026897,444,8,0,0.018018018018018018
E00026898,376,28,0,0.07446808510638298
E00026899,312,40,0,0.1282051282051282
E00026900,369,17,0,0.04607046070460705
E00026901,387,25,0,0.06459948320413436
E00026902,361,102,0,0.28254847645429365
E00026903,449,38,0,0.08463251670378619
E00026904,261,26,0,0.09961685823754789
E00026905,469,27,0,0.057569296375266525
E00026906,205,66,0,0.32195121951219513
E00026907,216,65,0,0.30092592592592593
E00026908,197,65,0,0.3299492385786802
E00026909,233,53,0,0.22746781115879827
E00026910,241,68,0,0.2821576763485477
E00026912,233,69,0,0.296137339055794
E00026913,207,61,0,0.2946859903381642
E00026914,254,89,0,0.35039370078740156
E00026915,229,76,0,0.3318777292576419
E00026916,256,96,6,0.3984375
E00026917,328,110,4,0.3475609756097561
E00026918,193,51,0,0.26424870466321243
E00026919,199,66,0,0.3316582914572864
E00026920,229,69,2,0.31004366812227074
E00026921,221,77,0,0.34841628959276016
E00026922,282,100,0,0.3546099290780142
E00026923,221,41,4,0.20361990950226244
E00026924,237,82,0,0.3459915611814346
E00026925,92,18,0,0.1956521739130435
E00026926,271,96,1,0.35793357933579334
E00026927,218,72,2,0.3394495412844037
E00026928,221,71,1,0.3257918552036199
E00026929,225,74,0,0.3288888888888889
E00026930,221,78,1,0.3574660633484163
E00026931,225,58,0,0.2577777777777778
E00026932,219,71,0,0.3242009132420091
E00026933,253,98,0,0.38735177865612647
E00026934,219,47,0,0.2146118721461187
E00026935,250,74,0,0.296
E00026936,313,92,0,0.2939297124600639
E00026937,445,160,0,0.3595505617977528
E00026938,211,82,0,0.3886255924170616
E00026939,241,79,2,0.3360995850622407
E00026940,187,44,2,0.24598930481283424
E00026941,247,86,0,0.3481781376518219
E00026942,231,78,0,0.33766233766233766
E00026943,262,91,0,0.3473282442748092
E00026944,84,41,2,0.5119047619047619
E00175804,287,42,2,0.15331010452961671
E00175805,479,36,0,0.07515657620041753
E00175806,1345,34,0,0.025278810408921933
E00175807,424,42,0,0.09905660377358491
E00175808,985,41,1,0.04263959390862944
E00175809,463,41,0,0.08855291576673865
E00175810,201,10,2,0.05970149253731343
E00175811,771,11,2,0.016861219195849545
E00175812,397,62,0,0.1561712846347607
E00175813,371,19,0,0.05121293800539083
E00175814,183,13,6,0.10382513661202186
E00175815,218,26,0,0.11926605504587157
E00175816,438,71,6,0.17579908675799086
E00175817,830,16,0,0.01927710843373494
E00175818,760,31,0,0.04078947368421053
E00175819,2057,11,2,0.006319883325230919
E00175820,839,12,0,0.014302741358760428
E00175821,371,58,3,0.16442048517520216
E00175822,199,23,2,0.12562814070351758
E00175823,188,27,1,0.14893617021276595
E00175824,377,46,0,0.1220159151193634
E00175825,992,15,1,0.016129032258064516
E00175826,141,22,0,0.15602836879432624
E00175827,295,27,2,0.09830508474576272
E00175828,230,51,0,0.2217391304347826
E00175829,371,170,0,0.4582210242587601
E00175830,220,53,0,0.2409090909090909
E00175831,208,121,1,0.5865384615384616
E00175832,214,27,0,0.1261682242990654
E00175833,229,61,0,0.2663755458515284
E00175834,222,74,0,0.3333333333333333
E00175835,920,31,0,0.03369565217391304
E00175836,208,40,2,0.20192307692307693
E00175837,400,204,0,0.51
E00175838,233,65,0,0.27896995708154504
E00175839,227,66,0,0.2907488986784141
E00175840,228,15,0,0.06578947368421052
E00175841,198,35,0,0.17676767676767677
E00175842,180,25,0,0.1388888888888889
E00175843,160,17,0,0.10625
E00175844,242,36,5,0.16942148760330578
E00175845,156,13,0,0.08333333333333333
E00175846,175,16,0,0.09142857142857143
E00175847,146,9,0,0.06164383561643835
E00175848,253,83,4,0.3438735177865613
E00175849,203,101,0,0.4975369458128079
E00175850,207,52,0,0.25120772946859904
E00175851,175,12,0,0.06857142857142857
E00175852,305,35,4,0.12786885245901639
E00175853,190,22,0,0.11578947368421053
E00175854,187,18,0,0.0962566844919786
E00175855,218,14,2,0.07339449541284404
E00175856,152,12,0,0.07894736842105263
E00175857,134,26,0,0.19402985074626866
E00175858,138,49,0,0.35507246376811596
E00175859,156,23,0,0.14743589743589744
E00175860,262,55,0,0.2099236641221374
E00175861,171,68,0,0.39766081871345027
E00175862,167,50,0,0.2994011976047904
E00175863,185,9,0,0.04864864864864865
E00175864,240,29,2,0.12916666666666668
E00175865,199,10,5,0.07537688442211055
E00175866,169,9,3,0.07100591715976332
E00175867,163,8,2,0.06134969325153374
E00175868,128,9,1,0.078125
E00175869,211,18,0,0.08530805687203792
E00175870,163,13,0,0.07975460122699386
E00175871,229,28,0,0.1222707423580786
E00175872,243,36,3,0.16049382716049382
E00175873,214,37,0,0.17289719626168223
E00175874,169,29,0,0.17159763313609466
E00175875,464,14,0,0.03017241379310345
E00175876,190,53,0,0.2789473684210526
E00175877,199,48,0,0.24120603015075376
E00175878,260,77,1,0.3
E00175879,169,39,0,0.23076923076923078
E00175880,112,36,0,0.32142857142857145
E00175881,241,122,0,0.5062240663900415
E00175882,208,118,2,0.5769230769230769
E00175883,164,61,0,0.3719512195121951
E00175884,212,47,2,0.23113207547169812
E00175885,280,39,2,0.14642857142857144
E00175886,186,32,0,0.17204301075268819
E00175887,180,49,2,0.2833333333333333
E00175888,250,76,2,0.312
E00175889,258,51,0,0.19767441860465115
E00175890,207,61,0,0.2946859903381642
E00175891,211,63,0,0.2985781990521327
E00175892,241,68,2,0.29045643153526973
E00175893,186,63,4,0.3602150537634409
E00175894,172,55,0,0.31976744186046513
E00175895,397,67,0,0.16876574307304787
E00175896,227,38,0,0.16740088105726872
E00175897,240,73,0,0.30416666666666664
E00175898,224,61,0,0.27232142857142855
E00175899,189,50,0,0.26455026455026454
E00175900,235,74,0,0.3148936170212766
E00175901,185,86,0,0.4648648648648649
E00175902,247,70,0,0.2834008097165992
E00175903,254,110,2,0.4409448818897638
E00175904,306,163,2,0.5392156862745098
E00175905,186,13,0,0.06989247311827956
E00175906,169,21,0,0.1242603550295858
E00175907,299,35,2,0.12374581939799331
E00175908,286,58,9,0.23426573426573427
E00175909,280,44,0,0.15714285714285714
E00175910,177,13,0,0.07344632768361582
E00175911,188,47,2,0.26063829787234044
E00175912,253,59,2,0.24110671936758893
E00175913,136,34,0,0.25
E00175914,207,39,2,0.19806763285024154
E00175915,220,16,2,0.08181818181818182
E00175916,254,34,0,0.13385826771653545
E00175917,223,33,2,0.15695067264573992
E00175918,202,47,2,0.24257425742574257
E00175919,207,35,3,0.18357487922705315
E00175920,249,48,3,0.20481927710843373
E00175921,158,17,2,0.12025316455696203
E00175922,178,30,0,0.16853932584269662
E00175923,143,32,2,0.23776223776223776
E00175924,195,94,0,0.48205128205128206
E00175925,239,58,0,0.24267782426778242
E00175926,212,101,0,0.47641509433962265
E00175927,269,119,0,0.4423791821561338
E00175928,238,26,0,0.1092436974789916
E00175929,416,58,1,0.14182692307692307
E00175930,123,39,0,0.3170731707317073
E00175931,125,9,0,0.072
E00175932,221,64,0,0.2895927601809955
E00175933,104,17,0,0.16346153846153846
E00175934,262,26,2,0.10687022900763359
E00175935,242,74,6,0.3305785123966942
E00175936,151,47,0,0.31125827814569534
E00175937,246,17,2,0.07723577235772358
E00175938,107,8,0,0.07476635514018691
E00175939,85,33,0,0.38823529411764707
E00175940,254,143,0,0.562992125984252
E00175941,246,102,0,0.4146341463414634
E00175942,969,80,3,0.08565531475748193
E00175943,294,151,1,0.5170068027210885
E00175944,260,141,2,0.55
E00175945,204,25,0,0.12254901960784313
E00175946,165,19,0,0.11515151515151516
E00175947,255,29,1,0.11764705882352941
E00175948,155,44,0,0.2838709677419355
E00175949,328,145,0,0.4420731707317073
E00175950,245,111,0,0.4530612244897959
E00175951,252,114,0,0.4523809523809524
E00175952,459,52,4,0.12200435729847495
E00175953,185,61,4,0.35135135135135137
E00175954,234,86,2,0.37606837606837606
E00175955,226,87,2,0.3938053097345133
E00175956,148,57,0,0.38513513513513514
E00175957,714,6,0,0.008403361344537815
E00175958,129,4,0,0.031007751937984496
E00175959,291,17,2,0.06529209621993128
E00175960,206,28,0,0.13592233009708737
E00175961,199,29,1,0.1507537688442211
E00175962,190,27,2,0.15263157894736842
E00175963,195,58,4,0.31794871794871793
E00175964,154,25,0,0.16233766233766234
E00175965,206,30,7,0.1796116504854369
E00175966,253,100,3,0.40711462450592883
E00175967,227,60,0,0.2643171806167401
E00175968,241,68,0,0.2821576763485477
E00175969,144,43,0,0.2986111111111111
E00175970,153,41,1,0.27450980392156865
E00175971,214,51,0,0.2383177570093458
E00175972,681,72,0,0.10572687224669604
E00175973,152,44,2,0.3026315789473684
E00175974,188,22,2,0.1276595744680851
E00175975,198,99,0,0.5
E00175976,196,49,4,0.27040816326530615
E00175977,155,65,0,0.41935483870967744
E00175978,203,73,0,0.35960591133004927
E00175979,150,29,0,0.19333333333333333
E00175980,206,105,4,0.529126213592233
E00175981,182,69,0,0.3791208791208791
E00175982,199,62,2,0.32160804020100503
E00175983,192,14,0,0.07291666666666667
E00175984,203,32,5,0.18226600985221675
E00175985,193,10,3,0.06735751295336788
E00175986,125,31,3,0.272
E00175987,188,24,6,0.1595744680851064
E00175988,144,16,2,0.125
E00175989,196,31,0,0.15816326530612246
E00175990,196,16,0,0.08163265306122448
E00175991,335,48,10,0.17313432835820897
E00175992,340,46,2,0.1411764705882353
E00175993,270,22,3,0.09259259259259259
E00175994,184,32,2,0.18478260869565216
E00175995,152,22,2,0.15789473684210525
E00175996,211,19,0,0.09004739336492891
E00175997,219,14,0,0.0639269406392694
E00175998,180,35,2,0.20555555555555555
E00175999,346,79,9,0.2543352601156069
E00176000,240,27,4,0.12916666666666668
E00176001,281,26,6,0.11387900355871886
E00176002,110,15,1,0.14545454545454545
E00176003,181,17,3,0.11049723756906077
E00176004,207,17,0,0.0821256038647343
E00176005,275,38,4,0.15272727272727274
E00176006,221,27,1,0.12669683257918551
E00176007,102,32,2,0.3333333333333333
E00176008,137,35,2,0.27007299270072993
E00176009,201,5,0,0.024875621890547265
E00176010,217,7,2,0.041474654377880185
E00176011,192,71,0,0.3697916666666667
E00176012,289,130,4,0.46366782006920415
E00176013,155,75,0,0.4838709677419355
E00176014,161,36,0,0.2236024844720497
E00176015,254,154,0,0.6062992125984252
E00176016,100,28,0,0.28
E00176017,139,34,0,0.2446043165467626
E00176018,326,24,0,0.0736196319018405
E00176019,310,94,0,0.3032258064516129
E00176020,366,64,0,0.17486338797814208
E00176021,383,65,2,0.17493472584856398
E00176022,234,57,0,0.24358974358974358
E00176023,177,78,2,0.4519774011299435
E00176024,155,13,4,0.10967741935483871
E00176025,142,8,2,0.07042253521126761
E00176026,176,20,0,0.11363636363636363
E00176027,971,15,3,0.018537590113285273
E00176028,139,31,0,0.22302158273381295
E00176029,226,8,0,0.035398230088495575
E00176030,1088,35,0,0.03216911764705882
E00176031,178,37,1,0.21348314606741572
E00176032,264,21,4,0.0946969696969697
E00176033,267,121,0,0.45318352059925093
E00176034,417,24,0,0.05755395683453238
E00176035,197,12,0,0.06091370558375635
E00176036,195,49,0,0.2512820512820513
E00176037,208,24,2,0.125
E00176038,592,28,8,0.060810810810810814
E00176039,166,32,7,0.23493975903614459
E00176040,159,24,0,0.1509433962264151
E00176041,564,39,0,0.06914893617021277
E00176042,253,115,0,0.45454545454545453
E00176043,173,52,0,0.30057803468208094
E00176044,256,50,4,0.2109375
E00176045,178,23,2,0.1404494382022472
E00176046,1176,5,1,0.00510204081632653
E00176047,120,49,0,0.4083333333333333
E00176048,182,15,3,0.0989010989010989
E00176049,310,22,0,0.07096774193548387
E00176050,192,10,4,0.07291666666666667
E00176051,157,21,2,0.1464968152866242
E00176052,194,14,0,0.07216494845360824
E00176053,172,21,0,0.12209302325581395
E00176054,201,19,3,0.10945273631840796
E00176055,175,26,1,0.15428571428571428
E00176056,205,3,0,0.014634146341463415
E00176057,202,20,2,0.10891089108910891
E00176058,168,17,8,0.1488095238095238
E00176059,217,29,0,0.1336405529953917
E00176060,222,96,2,0.44144144144144143
E00176061,140,43,0,0.30714285714285716
E00176062,199,18,1,0.09547738693467336
E00176063,174,14,2,0.09195402298850575
E00176064,143,25,4,0.20279720279720279
E00176065,227,54,1,0.2422907488986784
E00176066,250,88,1,0.356
E00176067,230,56,2,0.25217391304347825
E00176068,182,52,0,0.2857142857142857
E00176069,153,21,0,0.13725490196078433
E00176070,476,42,3,0.09453781512605042
E00176071,192,71,1,0.375
E00176072,221,76,0,0.3438914027149321
E00176073,226,75,2,0.3407079646017699
E00176074,186,43,0,0.23118279569892472
E00176075,141,37,0,0.2624113475177305
E00176076,221,27,3,0.13574660633484162
E00176077,237,65,2,0.28270042194092826
E00176078,240,67,2,0.2875
E00176079,283,32,3,0.12367491166077739
E00176080,216,11,2,0.06018518518518518
E00176081,111,28,0,0.25225225225225223
E00176082,959,4,2,0.006256517205422315
E00176083,253,118,3,0.4782608695652174
E00176084,132,53,2,0.4166666666666667
E00176085,93,56,0,0.6021505376344086
E00176086,159,9,0,0.05660377358490566
E00176087,194,29,0,0.14948453608247422
E00176088,274,55,0,0.20072992700729927
E00176089,157,16,10,0.16560509554140126
E00176090,237,39,0,0.16455696202531644
E00176091,617,3,0,0.004862236628849271
E00176092,194,62,2,0.32989690721649484
E00176093,258,56,0,0.21705426356589147
